timestamp,run_id,ground_truth,test_condition,camera_read_ms,efficientnet_label,efficientnet_confidence,efficientnet_preprocessing_ms,efficientnet_inference_ms,resnet50_label,resnet50_confidence,resnet50_preprocessing_ms,resnet50_inference_ms,densenet121_label,densenet121_confidence,densenet121_preprocessing_ms,densenet121_inference_ms,shufflenet_label,shufflenet_confidence,shufflenet_preprocessing_ms,shufflenet_inference_ms,hard_voting_label,soft_voting_label,soft_voting_confidence,weighted_voting_label,weighted_voting_confidence,agreement_count,number_of_models,ensemble_ms,total_latency_ms,fps,cpu_percent,ram_percent,process_ram_mb,cpu_temperature_c
2026-07-27T01:16:10.943,RT_20260727_011609_000001,,real_time_webcam,194.77,CardBoard,0.920909,7.09,114.68,CardBoard,0.999983,5.24,665.68,CardBoard,0.642675,5.21,471.73,CardBoard,0.548709,5.12,34.17,CardBoard,CardBoard,0.778069,CardBoard,0.782316,4,4,0.6,1311.36,0.763,23.0,23.5,516.26,39.43
2026-07-27T01:16:13.067,RT_20260727_011611_000002,,real_time_webcam,2.49,CardBoard,0.937893,7.64,130.14,CardBoard,0.999987,6.41,830.52,CardBoard,0.562033,5.1,460.44,CardBoard,0.545515,5.21,32.06,CardBoard,CardBoard,0.761357,CardBoard,0.765102,4,4,0.5,1479.81,0.676,51.3,24.2,599.71,41.87
2026-07-27T01:16:14.380,RT_20260727_011613_000003,,real_time_webcam,1.61,CardBoard,0.85339,5.11,115.03,CardBoard,0.999989,5.13,660.52,CardBoard,0.706736,5.17,461.94,CardBoard,0.566212,5.44,32.46,CardBoard,CardBoard,0.781582,CardBoard,0.785982,4,4,0.46,1292.86,0.773,49.7,24.2,599.71,41.38
2026-07-27T01:16:15.724,RT_20260727_011614_000004,,real_time_webcam,1.97,CardBoard,0.941477,5.65,135.1,CardBoard,0.999973,4.93,656.79,CardBoard,0.728575,5.2,461.88,CardBoard,0.572186,5.12,32.43,CardBoard,CardBoard,0.810553,CardBoard,0.815049,4,4,0.49,1309.19,0.764,53.0,24.3,602.08,42.35
2026-07-27T01:16:17.035,RT_20260727_011615_000005,,real_time_webcam,1.65,CardBoard,0.784694,5.05,116.03,CardBoard,0.99992,5.38,658.28,CardBoard,0.831526,5.55,461.88,CardBoard,0.53358,5.51,32.1,CardBoard,CardBoard,0.78743,CardBoard,0.793151,4,4,0.52,1291.88,0.774,50.6,24.3,602.08,42.35
2026-07-27T01:16:18.398,RT_20260727_011617_000006,,real_time_webcam,1.81,CardBoard,0.884429,5.75,133.35,CardBoard,0.999991,5.21,690.32,CardBoard,0.514567,5.19,462.59,CardBoard,0.569476,5.18,31.63,CardBoard,CardBoard,0.742116,CardBoard,0.745155,4,4,0.48,1341.29,0.746,52.8,24.2,602.08,42.84
2026-07-27T01:16:19.709,RT_20260727_011618_000007,,real_time_webcam,1.68,CardBoard,0.905174,5.14,114.52,CardBoard,0.999982,5.44,660.07,CardBoard,0.774028,5.33,460.78,CardBoard,0.556422,5.38,32.15,CardBoard,CardBoard,0.808902,CardBoard,0.813933,4,4,0.45,1290.84,0.775,50.0,24.2,602.08,43.33
2026-07-27T01:16:21.037,RT_20260727_011619_000008,,real_time_webcam,2.95,CardBoard,0.675652,5.21,132.23,CardBoard,0.99996,5.23,657.58,CardBoard,0.849429,5.16,460.34,CardBoard,0.569329,5.17,31.94,CardBoard,CardBoard,0.773592,CardBoard,0.778861,4,4,0.49,1304.98,0.766,52.0,24.2,602.08,44.79
2026-07-27T01:16:22.346,RT_20260727_011621_000009,,real_time_webcam,1.45,CardBoard,0.908561,5.1,113.83,CardBoard,0.999974,5.38,660.01,CardBoard,0.88966,5.42,460.96,CardBoard,0.566368,5.37,31.82,CardBoard,CardBoard,0.841141,CardBoard,0.846822,4,4,0.44,1289.9,0.775,49.7,24.2,602.08,44.79
2026-07-27T01:16:23.678,RT_20260727_011622_000010,,real_time_webcam,3.14,CardBoard,0.850093,5.24,132.55,CardBoard,0.999977,4.92,660.32,CardBoard,0.839251,4.89,461.25,CardBoard,0.57567,5.15,32.69,CardBoard,CardBoard,0.816248,CardBoard,0.82142,4,4,0.43,1308.99,0.764,52.4,24.2,602.08,44.3
2026-07-27T01:16:24.986,RT_20260727_011623_000011,,real_time_webcam,1.49,CardBoard,0.932592,5.17,115.47,CardBoard,0.999221,5.11,657.51,CardBoard,0.859537,5.17,460.29,CardBoard,0.729896,5.07,32.19,CardBoard,CardBoard,0.880312,CardBoard,0.883346,4,4,0.43,1288.05,0.776,50.9,24.2,602.08,44.3
2026-07-27T01:16:26.313,RT_20260727_011625_000012,,real_time_webcam,1.9,CardBoard,0.7215,5.92,134.25,CardBoard,0.995766,4.87,655.51,CardBoard,0.858309,4.94,460.48,CardBoard,0.668529,4.86,31.89,CardBoard,CardBoard,0.811026,CardBoard,0.81486,4,4,0.45,1304.75,0.766,52.7,24.2,602.08,45.28
2026-07-27T01:16:27.633,RT_20260727_011626_000013,,real_time_webcam,1.56,Plastic,0.554559,5.1,114.38,CardBoard,0.521401,5.39,670.33,CardBoard,0.866302,5.12,460.73,Paper,0.552784,5.35,31.76,CardBoard,CardBoard,0.417916,CardBoard,0.42662,2,4,0.43,1300.21,0.769,51.4,24.2,602.08,45.28
2026-07-27T01:16:28.968,RT_20260727_011627_000014,,real_time_webcam,3.1,Plastic,0.520318,5.22,132.45,Paper,0.78484,4.94,664.42,CardBoard,0.907815,4.97,461.21,Plastic,0.370174,5.2,32.08,Plastic,Paper,0.340629,Paper,0.343557,1,4,0.44,1312.52,0.762,53.4,24.2,602.08,45.76
2026-07-27T01:16:30.280,RT_20260727_011628_000015,,real_time_webcam,1.48,Plastic,0.773489,5.16,114.26,Metal,0.716977,5.43,662.52,Plastic,0.89902,5.43,461.75,Plastic,0.551887,5.39,32.28,Plastic,Plastic,0.593371,Plastic,0.592769,3,4,0.43,1294.22,0.773,51.0,24.2,602.08,45.76
2026-07-27T01:16:31.618,RT_20260727_011630_000016,,real_time_webcam,3.09,CardBoard,0.867271,5.31,134.85,CardBoard,0.999909,5.15,662.97,CardBoard,0.987137,5.16,463.18,CardBoard,0.722838,5.14,32.0,CardBoard,CardBoard,0.894289,CardBoard,0.898288,4,4,0.43,1315.77,0.76,53.6,24.2,602.08,45.76
2026-07-27T01:16:32.938,RT_20260727_011631_000017,,real_time_webcam,1.49,Plastic,0.791953,5.16,115.91,CardBoard,0.997666,5.4,663.83,CardBoard,0.975944,5.38,465.49,Plastic,0.401526,5.36,32.18,CardBoard,CardBoard,0.587808,CardBoard,0.597961,2,4,0.46,1300.71,0.769,51.6,24.2,602.08,45.28
2026-07-27T01:16:34.286,RT_20260727_011632_000018,,real_time_webcam,1.75,CardBoard,0.647286,5.99,135.62,CardBoard,0.996536,5.22,665.85,CardBoard,0.965537,4.88,469.77,CardBoard,0.630631,4.95,31.59,CardBoard,CardBoard,0.809998,CardBoard,0.815113,4,4,0.43,1325.93,0.754,55.6,24.3,602.08,45.28
2026-07-27T01:16:35.608,RT_20260727_011634_000019,,real_time_webcam,1.49,CardBoard,0.815402,5.1,114.44,CardBoard,0.904731,5.4,665.94,CardBoard,0.884404,5.39,465.36,CardBoard,0.804067,5.36,33.79,CardBoard,CardBoard,0.852151,CardBoard,0.85348,4,4,0.45,1302.8,0.768,52.0,24.3,602.08,47.23
2026-07-27T01:16:36.959,RT_20260727_011635_000020,,real_time_webcam,2.99,CardBoard,0.764866,5.29,137.85,CardBoard,0.997603,5.19,663.73,CardBoard,0.880504,5.16,471.59,CardBoard,0.743082,5.19,32.18,CardBoard,CardBoard,0.846514,CardBoard,0.849417,4,4,0.43,1328.27,0.753,55.3,24.3,602.08,46.25
2026-07-27T01:16:38.287,RT_20260727_011636_000021,,real_time_webcam,1.63,Paper,0.578705,5.05,115.24,CardBoard,0.551452,5.14,673.03,CardBoard,0.90871,5.15,465.39,CardBoard,0.766873,5.11,32.26,CardBoard,CardBoard,0.659332,CardBoard,0.658522,3,4,0.43,1308.41,0.764,52.5,24.3,602.08,47.71
2026-07-27T01:16:39.631,RT_20260727_011638_000022,,real_time_webcam,1.65,Plastic,0.538116,6.13,136.01,CardBoard,0.956002,5.19,666.0,CardBoard,0.701747,5.16,465.14,Plastic,0.302683,5.17,31.77,CardBoard,CardBoard,0.48444,CardBoard,0.49243,2,4,0.45,1322.6,0.756,55.2,24.3,602.08,46.25
2026-07-27T01:16:40.958,RT_20260727_011639_000023,,real_time_webcam,1.55,CardBoard,0.679111,5.14,115.05,CardBoard,0.999783,5.14,674.29,CardBoard,0.868082,5.12,463.52,CardBoard,0.689587,5.14,31.91,CardBoard,CardBoard,0.809141,CardBoard,0.812741,4,4,0.43,1307.31,0.765,54.1,24.3,602.08,47.23
2026-07-27T01:16:42.309,RT_20260727_011640_000024,,real_time_webcam,1.81,Paper,0.690123,5.93,137.01,CardBoard,0.999539,5.21,670.22,CardBoard,0.606874,5.14,462.83,CardBoard,0.638072,5.16,35.25,CardBoard,CardBoard,0.638284,CardBoard,0.640706,3,4,0.43,1328.76,0.753,55.8,24.3,602.08,47.23
2026-07-27T01:16:43.641,RT_20260727_011642_000025,,real_time_webcam,1.58,Paper,0.759256,5.09,115.13,CardBoard,0.998933,5.09,677.53,CardBoard,0.752972,5.32,463.68,CardBoard,0.650488,5.34,33.54,CardBoard,CardBoard,0.658859,CardBoard,0.662068,3,4,0.43,1312.69,0.762,54.9,24.3,602.08,46.74
2026-07-27T01:16:45.018,RT_20260727_011643_000026,,real_time_webcam,2.98,Paper,0.769484,5.31,138.28,CardBoard,0.99221,5.16,686.24,CardBoard,0.794352,5.18,473.08,CardBoard,0.708047,5.15,32.58,CardBoard,CardBoard,0.678906,CardBoard,0.681485,3,4,0.43,1353.04,0.739,57.7,24.3,602.08,46.74
2026-07-27T01:16:46.365,RT_20260727_011645_000027,,real_time_webcam,1.58,CardBoard,0.612811,5.14,114.47,CardBoard,0.99942,5.43,689.72,CardBoard,0.913881,5.38,464.09,CardBoard,0.585122,5.39,36.01,CardBoard,CardBoard,0.777808,CardBoard,0.783256,4,4,0.43,1327.64,0.753,54.9,24.3,602.08,46.25
2026-07-27T01:16:47.729,RT_20260727_011646_000028,,real_time_webcam,3.05,Paper,0.818753,5.26,137.54,CardBoard,0.999523,5.19,679.91,CardBoard,0.873722,5.24,468.63,CardBoard,0.735686,5.22,31.62,CardBoard,CardBoard,0.694615,CardBoard,0.697364,3,4,0.44,1340.72,0.746,55.8,24.3,602.08,47.23
2026-07-27T01:16:49.063,RT_20260727_011647_000029,,real_time_webcam,1.65,Paper,0.652651,5.12,119.95,CardBoard,0.99939,5.12,674.02,CardBoard,0.806199,5.41,465.99,CardBoard,0.591592,5.41,31.67,CardBoard,CardBoard,0.68086,CardBoard,0.685356,3,4,0.43,1314.73,0.761,53.7,24.3,602.08,47.23
2026-07-27T01:16:50.415,RT_20260727_011649_000030,,real_time_webcam,1.89,Paper,0.755646,5.95,136.02,CardBoard,0.999684,5.23,668.45,CardBoard,0.89122,5.21,470.13,CardBoard,0.618573,5.21,31.05,CardBoard,CardBoard,0.68743,CardBoard,0.692078,3,4,0.48,1329.42,0.752,56.1,24.3,602.08,47.23
2026-07-27T01:16:51.748,RT_20260727_011650_000031,,real_time_webcam,1.55,Paper,0.817973,5.14,117.33,CardBoard,0.999015,5.43,671.46,CardBoard,0.779241,5.41,469.74,CardBoard,0.643772,5.43,31.34,CardBoard,CardBoard,0.648871,CardBoard,0.652339,3,4,0.44,1313.28,0.761,54.9,24.3,602.08,47.71
2026-07-27T01:16:53.102,RT_20260727_011651_000032,,real_time_webcam,1.87,Paper,0.707774,5.97,138.3,CardBoard,0.999358,5.19,666.51,CardBoard,0.921636,5.23,473.14,CardBoard,0.547077,5.2,31.61,CardBoard,CardBoard,0.687576,CardBoard,0.693517,3,4,0.43,1333.18,0.75,56.8,24.3,602.21,47.71
2026-07-27T01:16:54.443,RT_20260727_011653_000033,,real_time_webcam,1.74,Paper,0.764356,5.17,115.87,CardBoard,0.999754,5.39,687.51,CardBoard,0.927379,5.35,463.65,CardBoard,0.701358,5.41,31.02,CardBoard,CardBoard,0.714456,CardBoard,0.718114,3,4,0.43,1321.4,0.757,53.9,24.3,602.21,48.69
2026-07-27T01:16:55.815,RT_20260727_011654_000034,,real_time_webcam,2.98,Paper,0.683987,5.3,137.97,CardBoard,0.999919,4.98,686.35,CardBoard,0.840242,5.28,470.48,CardBoard,0.695268,5.23,31.49,CardBoard,CardBoard,0.711244,CardBoard,0.714424,3,4,0.44,1349.13,0.741,57.6,24.3,602.21,48.2
2026-07-27T01:16:57.151,RT_20260727_011655_000035,,real_time_webcam,1.76,Paper,0.879597,5.19,117.22,CardBoard,0.998505,5.44,681.37,CardBoard,0.818324,5.41,463.54,CardBoard,0.596041,5.41,31.3,CardBoard,CardBoard,0.630345,CardBoard,0.634767,3,4,0.43,1316.93,0.759,54.8,24.3,602.21,48.2
2026-07-27T01:16:58.499,RT_20260727_011657_000036,,real_time_webcam,1.9,Paper,0.75052,5.99,142.99,CardBoard,0.999761,5.05,663.49,CardBoard,0.886257,4.96,464.39,CardBoard,0.606568,4.95,31.24,CardBoard,CardBoard,0.68308,CardBoard,0.687874,3,4,0.49,1325.12,0.755,54.5,24.3,602.21,47.71
2026-07-27T01:16:59.832,RT_20260727_011658_000037,,real_time_webcam,1.73,Paper,0.805505,5.14,116.81,CardBoard,0.998765,5.39,677.89,CardBoard,0.809547,5.09,465.23,CardBoard,0.644336,5.1,31.04,CardBoard,CardBoard,0.657238,CardBoard,0.660906,3,4,0.43,1313.79,0.761,55.6,24.3,602.21,47.23
2026-07-27T01:17:01.192,RT_20260727_011659_000038,,real_time_webcam,1.86,Paper,0.817658,5.98,139.42,CardBoard,0.997295,5.25,663.24,CardBoard,0.842941,5.16,480.51,CardBoard,0.602335,5.15,31.34,CardBoard,CardBoard,0.653939,CardBoard,0.658453,3,4,0.43,1338.14,0.747,58.1,24.3,602.21,48.69
2026-07-27T01:17:02.543,RT_20260727_011701_000039,,real_time_webcam,1.8,Paper,0.926373,5.11,117.81,CardBoard,0.999406,5.4,695.21,CardBoard,0.932078,5.17,463.78,CardBoard,0.639425,5.4,31.08,CardBoard,CardBoard,0.660385,CardBoard,0.664935,3,4,0.49,1331.02,0.751,54.9,24.3,602.21,48.69
2026-07-27T01:17:03.896,RT_20260727_011702_000040,,real_time_webcam,2.98,Paper,0.865621,5.35,137.7,CardBoard,0.999771,5.17,669.36,CardBoard,0.783894,5.17,469.27,CardBoard,0.641403,5.12,31.37,CardBoard,CardBoard,0.639217,CardBoard,0.642742,3,4,0.44,1330.57,0.752,56.3,24.3,602.21,47.71
2026-07-27T01:17:05.218,RT_20260727_011703_000041,,real_time_webcam,1.76,Paper,0.880288,5.1,116.33,CardBoard,0.999796,5.15,670.17,CardBoard,0.853249,5.17,462.15,CardBoard,0.610758,5.12,31.18,CardBoard,CardBoard,0.644966,CardBoard,0.649422,3,4,0.43,1302.35,0.768,53.6,24.3,602.21,48.69
2026-07-27T01:17:06.579,RT_20260727_011705_000042,,real_time_webcam,1.88,Paper,0.674708,5.87,142.38,CardBoard,0.995703,5.24,673.67,CardBoard,0.919415,4.87,467.23,CardBoard,0.617805,5.25,31.66,CardBoard,CardBoard,0.711522,CardBoard,0.716374,3,4,0.42,1338.26,0.747,57.4,24.3,602.21,48.2
2026-07-27T01:17:07.899,RT_20260727_011706_000043,,real_time_webcam,1.74,Paper,0.754329,5.12,113.88,CardBoard,0.999333,5.41,670.41,CardBoard,0.844769,5.41,461.66,CardBoard,0.642141,5.39,31.61,CardBoard,CardBoard,0.681242,CardBoard,0.685214,3,4,0.43,1300.95,0.769,52.4,24.3,602.21,48.2
2026-07-27T01:17:09.262,RT_20260727_011707_000044,,real_time_webcam,1.93,Paper,0.865158,6.04,142.53,CardBoard,0.998182,4.96,670.52,CardBoard,0.88382,5.17,472.41,CardBoard,0.587914,4.9,31.95,CardBoard,CardBoard,0.649708,CardBoard,0.654708,3,4,0.43,1340.59,0.746,56.4,24.3,602.21,48.2
2026-07-27T01:17:10.593,RT_20260727_011709_000045,,real_time_webcam,1.73,Paper,0.64305,5.16,116.22,CardBoard,0.999713,5.41,678.35,CardBoard,0.847217,5.4,462.42,CardBoard,0.66405,5.39,31.27,CardBoard,CardBoard,0.714741,CardBoard,0.718449,3,4,0.43,1311.6,0.762,52.6,24.3,602.21,48.69
2026-07-27T01:17:11.947,RT_20260727_011710_000046,,real_time_webcam,2.99,Paper,0.538376,5.29,141.16,CardBoard,0.999666,5.2,666.95,CardBoard,0.816993,5.19,468.85,CardBoard,0.650387,5.21,31.49,CardBoard,CardBoard,0.729596,CardBoard,0.733339,3,4,0.44,1331.43,0.751,55.1,24.3,602.21,49.66
2026-07-27T01:17:13.274,RT_20260727_011711_000047,,real_time_webcam,1.76,Paper,0.557375,5.16,115.78,CardBoard,0.999657,5.39,674.6,CardBoard,0.898875,5.37,462.29,CardBoard,0.627905,5.32,31.97,CardBoard,CardBoard,0.739383,CardBoard,0.744019,3,4,0.43,1307.89,0.765,52.7,24.3,602.21,48.69
2026-07-27T01:17:14.641,RT_20260727_011713_000048,,real_time_webcam,1.83,Paper,0.787298,5.91,141.4,CardBoard,0.999331,5.21,678.69,CardBoard,0.814322,5.16,470.5,CardBoard,0.58291,5.19,31.42,CardBoard,CardBoard,0.650172,CardBoard,0.654806,3,4,0.44,1345.48,0.743,55.9,24.3,602.21,48.69
2026-07-27T01:17:15.972,RT_20260727_011714_000049,,real_time_webcam,1.77,Paper,0.698641,5.1,116.16,CardBoard,0.996991,5.44,677.72,CardBoard,0.678294,5.45,463.05,CardBoard,0.601913,5.11,31.67,CardBoard,CardBoard,0.635022,CardBoard,0.638439,3,4,0.43,1311.72,0.762,52.2,24.3,602.21,49.17
2026-07-27T01:17:17.339,RT_20260727_011715_000050,,real_time_webcam,1.85,Paper,0.623678,6.06,140.93,CardBoard,0.999412,5.35,676.64,CardBoard,0.727244,4.91,470.35,CardBoard,0.499934,5.13,32.87,CardBoard,CardBoard,0.647911,CardBoard,0.653248,3,4,0.49,1344.39,0.744,56.6,24.3,602.21,48.69
2026-07-27T01:17:18.672,RT_20260727_011717_000051,,real_time_webcam,1.77,Paper,0.553905,5.17,115.53,CardBoard,0.998103,5.37,680.18,CardBoard,0.715145,5.39,463.54,CardBoard,0.672947,5.43,31.26,CardBoard,CardBoard,0.706755,CardBoard,0.709443,3,4,0.44,1313.87,0.761,53.2,24.3,602.21,49.66
2026-07-27T01:17:20.040,RT_20260727_011718_000052,,real_time_webcam,3.29,Paper,0.613598,5.4,147.48,CardBoard,0.998675,4.89,676.84,CardBoard,0.553964,5.18,465.81,CardBoard,0.598648,5.2,31.53,CardBoard,CardBoard,0.631576,CardBoard,0.634241,3,4,0.44,1344.45,0.744,55.0,24.3,602.21,49.66
2026-07-27T01:17:21.363,RT_20260727_011720_000053,,real_time_webcam,1.81,Paper,0.549549,5.14,116.18,CardBoard,0.999167,5.41,671.86,CardBoard,0.802024,5.49,460.62,CardBoard,0.698217,5.39,31.52,CardBoard,CardBoard,0.73487,CardBoard,0.737788,3,4,0.49,1303.65,0.767,52.6,24.3,602.21,49.17
2026-07-27T01:17:22.724,RT_20260727_011721_000054,,real_time_webcam,2.96,Paper,0.709179,5.42,143.59,CardBoard,0.999626,4.98,672.75,CardBoard,0.765046,5.23,467.55,CardBoard,0.543244,5.29,31.37,CardBoard,CardBoard,0.648223,CardBoard,0.653143,3,4,0.43,1338.17,0.747,56.2,24.3,602.21,49.17
2026-07-27T01:17:24.044,RT_20260727_011722_000055,,real_time_webcam,1.87,Paper,0.559554,5.15,115.93,CardBoard,0.998682,5.44,667.56,CardBoard,0.741819,5.47,461.87,CardBoard,0.561466,5.46,31.55,CardBoard,CardBoard,0.683795,CardBoard,0.688334,3,4,0.43,1300.44,0.769,52.8,24.3,602.21,49.17
2026-07-27T01:17:25.399,RT_20260727_011724_000056,,real_time_webcam,1.88,Paper,0.721291,6.16,144.88,CardBoard,0.99926,5.29,667.03,CardBoard,0.813196,5.31,463.93,CardBoard,0.595732,5.25,32.53,CardBoard,CardBoard,0.670546,CardBoard,0.675007,3,4,0.6,1332.61,0.75,55.6,24.3,602.21,49.66
2026-07-27T01:17:26.723,RT_20260727_011725_000057,,real_time_webcam,1.88,Paper,0.711537,5.15,113.51,CardBoard,0.999807,5.49,674.15,CardBoard,0.782002,5.46,461.83,CardBoard,0.532521,5.45,31.06,CardBoard,CardBoard,0.649684,CardBoard,0.654883,3,4,0.47,1304.12,0.767,52.8,24.3,602.21,49.66
2026-07-27T01:17:28.080,RT_20260727_011726_000058,,real_time_webcam,1.89,Paper,0.693638,6.09,144.26,CardBoard,0.999613,5.84,666.93,CardBoard,0.740242,5.17,468.7,CardBoard,0.5428,5.22,31.4,CardBoard,CardBoard,0.644825,CardBoard,0.649586,3,4,0.43,1335.72,0.749,57.0,24.3,602.21,48.69
2026-07-27T01:17:29.398,RT_20260727_011728_000059,,real_time_webcam,1.83,Paper,0.817529,5.14,115.37,CardBoard,0.997993,5.43,666.45,CardBoard,0.71754,5.42,462.02,CardBoard,0.551929,5.59,31.03,CardBoard,CardBoard,0.611737,CardBoard,0.616146,3,4,0.44,1298.49,0.77,52.5,24.3,602.21,48.2
2026-07-27T01:17:30.758,RT_20260727_011729_000060,,real_time_webcam,2.97,Paper,0.61754,5.38,143.85,CardBoard,0.996905,5.15,671.94,CardBoard,0.837059,5.21,466.41,CardBoard,0.576369,5.18,31.28,CardBoard,CardBoard,0.697314,CardBoard,0.702252,3,4,0.42,1336.38,0.748,55.3,24.3,602.21,48.69
2026-07-27T01:17:32.077,RT_20260727_011730_000061,,real_time_webcam,1.79,Paper,0.759094,5.18,116.32,CardBoard,0.997442,5.15,665.33,CardBoard,0.833362,5.43,463.32,CardBoard,0.631205,5.48,31.7,CardBoard,CardBoard,0.673506,CardBoard,0.677546,3,4,0.43,1299.9,0.769,53.1,24.3,602.21,49.66
2026-07-27T01:17:33.432,RT_20260727_011732_000062,,real_time_webcam,1.87,Paper,0.528097,5.58,141.58,CardBoard,0.998857,4.97,669.54,CardBoard,0.791979,5.19,465.51,CardBoard,0.623874,5.16,34.67,CardBoard,CardBoard,0.719507,CardBoard,0.723473,3,4,0.43,1334.18,0.75,56.1,24.3,602.21,49.17
2026-07-27T01:17:34.751,RT_20260727_011733_000063,,real_time_webcam,1.85,Paper,0.834207,5.12,113.75,CardBoard,0.998148,5.44,668.4,CardBoard,0.681083,5.62,461.93,CardBoard,0.701342,5.61,31.59,CardBoard,CardBoard,0.635548,CardBoard,0.637468,3,4,0.49,1299.55,0.769,52.0,24.3,602.21,50.63
2026-07-27T01:17:36.105,RT_20260727_011734_000064,,real_time_webcam,1.92,Paper,0.845006,6.04,139.83,CardBoard,0.997241,5.84,666.73,CardBoard,0.823376,5.23,469.61,CardBoard,0.528247,5.24,31.41,CardBoard,CardBoard,0.625569,CardBoard,0.631046,3,4,0.43,1331.99,0.751,56.7,24.3,602.21,48.69
2026-07-27T01:17:37.422,RT_20260727_011736_000065,,real_time_webcam,1.77,Paper,0.846333,5.17,115.63,CardBoard,0.999766,5.52,664.36,CardBoard,0.839335,5.41,462.41,CardBoard,0.626812,5.41,31.3,CardBoard,CardBoard,0.653957,CardBoard,0.65809,3,4,0.45,1297.28,0.771,52.3,24.3,602.21,48.69
2026-07-27T01:17:38.787,RT_20260727_011737_000066,,real_time_webcam,3.01,Paper,0.778038,5.32,143.03,CardBoard,0.995633,5.01,674.11,CardBoard,0.842662,4.96,469.53,CardBoard,0.556359,4.97,32.78,CardBoard,CardBoard,0.653042,CardBoard,0.658245,3,4,0.52,1341.8,0.745,56.2,24.3,602.21,49.66
2026-07-27T01:17:40.104,RT_20260727_011738_000067,,real_time_webcam,1.75,Paper,0.787753,5.2,115.63,CardBoard,0.997791,5.46,665.28,CardBoard,0.669189,5.49,462.3,CardBoard,0.646607,5.42,31.29,CardBoard,CardBoard,0.627321,CardBoard,0.629988,3,4,0.43,1298.09,0.77,52.6,24.3,602.21,48.69
2026-07-27T01:17:41.464,RT_20260727_011740_000068,,real_time_webcam,1.91,Paper,0.587227,6.07,139.65,CardBoard,0.998156,5.62,668.95,CardBoard,0.853649,5.23,472.85,CardBoard,0.668922,5.27,32.03,CardBoard,CardBoard,0.731385,CardBoard,0.735075,3,4,0.43,1337.71,0.748,56.8,24.4,602.21,48.69
2026-07-27T01:17:42.790,RT_20260727_011741_000069,,real_time_webcam,1.84,Paper,0.57131,5.16,115.37,CardBoard,0.999831,5.47,673.15,CardBoard,0.830412,5.46,462.9,CardBoard,0.632495,5.35,31.47,CardBoard,CardBoard,0.718267,CardBoard,0.722355,3,4,0.45,1306.37,0.765,53.3,24.4,602.21,48.69
2026-07-27T01:17:44.150,RT_20260727_011742_000070,,real_time_webcam,1.91,Paper,0.783227,6.05,144.27,CardBoard,0.998936,5.23,668.77,CardBoard,0.862393,5.41,470.01,CardBoard,0.681446,5.2,31.45,CardBoard,CardBoard,0.688914,CardBoard,0.692408,3,4,0.46,1338.45,0.747,56.7,24.3,602.21,50.15
2026-07-27T01:17:45.471,RT_20260727_011744_000071,,real_time_webcam,1.75,Paper,0.796155,5.25,115.21,CardBoard,0.997726,5.22,669.84,CardBoard,0.861984,5.45,461.39,CardBoard,0.622956,5.46,31.6,CardBoard,CardBoard,0.668084,CardBoard,0.672431,3,4,0.44,1301.47,0.768,52.3,24.3,602.21,50.15
2026-07-27T01:17:46.836,RT_20260727_011745_000072,,real_time_webcam,2.92,Paper,0.606847,5.45,149.44,CardBoard,0.999263,4.98,671.42,CardBoard,0.871166,5.27,466.33,CardBoard,0.551805,5.24,31.9,CardBoard,CardBoard,0.699065,CardBoard,0.704621,3,4,0.43,1342.04,0.745,55.3,24.4,602.21,49.17
2026-07-27T01:17:48.156,RT_20260727_011746_000073,,real_time_webcam,1.81,Paper,0.61331,5.12,116.83,CardBoard,0.999516,5.44,666.33,CardBoard,0.803582,5.43,462.1,CardBoard,0.665621,5.46,31.13,CardBoard,CardBoard,0.711358,CardBoard,0.714752,3,4,0.43,1299.87,0.769,52.6,24.4,602.21,50.15
2026-07-27T01:17:49.524,RT_20260727_011748_000074,,real_time_webcam,1.68,CardBoard,0.578022,5.54,151.54,CardBoard,0.999255,5.18,667.3,CardBoard,0.94163,5.22,473.66,CardBoard,0.591765,5.21,31.58,CardBoard,CardBoard,0.777668,CardBoard,0.783193,4,4,0.43,1347.33,0.742,55.8,24.3,602.21,49.17
2026-07-27T01:17:50.842,RT_20260727_011749_000075,,real_time_webcam,1.79,Paper,0.599681,5.11,115.62,CardBoard,0.998924,5.08,664.73,CardBoard,0.772126,5.38,463.35,CardBoard,0.634592,5.34,31.44,CardBoard,CardBoard,0.700859,CardBoard,0.704502,3,4,0.46,1298.08,0.77,52.3,24.3,602.21,48.69
2026-07-27T01:17:52.215,RT_20260727_011750_000076,,real_time_webcam,1.89,Paper,0.608109,5.98,143.75,CardBoard,0.998388,5.2,678.66,CardBoard,0.766781,5.22,473.22,CardBoard,0.626509,5.18,31.58,CardBoard,CardBoard,0.694981,CardBoard,0.698701,3,4,0.48,1350.84,0.74,56.9,24.3,602.21,49.66
2026-07-27T01:17:53.541,RT_20260727_011752_000077,,real_time_webcam,1.76,Paper,0.87898,5.21,116.36,CardBoard,0.996799,5.37,673.06,CardBoard,0.718867,5.38,462.8,CardBoard,0.562924,5.22,31.37,CardBoard,CardBoard,0.595525,CardBoard,0.599741,3,4,0.43,1306.77,0.765,52.6,24.3,602.21,49.17
2026-07-27T01:17:54.905,RT_20260727_011753_000078,,real_time_webcam,3.0,Paper,0.871267,5.23,144.01,CardBoard,0.997691,4.95,671.45,CardBoard,0.828969,5.14,471.77,CardBoard,0.61159,5.17,31.54,CardBoard,CardBoard,0.640993,CardBoard,0.645256,3,4,0.43,1341.31,0.746,56.9,24.3,602.21,49.17
2026-07-27T01:17:56.229,RT_20260727_011754_000079,,real_time_webcam,1.76,Paper,0.688268,5.11,116.39,CardBoard,0.990175,5.1,671.33,CardBoard,0.763688,5.34,461.9,CardBoard,0.55992,5.33,31.37,CardBoard,CardBoard,0.655556,CardBoard,0.660155,3,4,0.43,1303.92,0.767,52.5,24.3,602.21,49.66
2026-07-27T01:17:57.591,RT_20260727_011756_000080,,real_time_webcam,1.9,Paper,0.736042,5.76,142.04,CardBoard,0.998915,5.18,679.57,CardBoard,0.744823,5.2,463.57,CardBoard,0.520521,5.16,31.54,CardBoard,CardBoard,0.630635,CardBoard,0.63574,3,4,0.49,1340.25,0.746,55.6,24.3,602.21,49.17
2026-07-27T01:17:58.920,RT_20260727_011757_000081,,real_time_webcam,1.75,CardBoard,0.503847,5.15,117.34,CardBoard,0.995977,5.11,676.47,CardBoard,0.809609,5.03,462.2,CardBoard,0.603308,5.33,31.39,CardBoard,CardBoard,0.728185,CardBoard,0.732574,4,4,0.43,1310.09,0.763,53.9,24.3,602.21,49.17
2026-07-27T01:18:00.296,RT_20260727_011758_000082,,real_time_webcam,1.89,Paper,0.696819,5.89,146.51,CardBoard,0.999257,5.0,684.66,CardBoard,0.716657,4.9,464.84,CardBoard,0.619242,5.13,35.09,CardBoard,CardBoard,0.657942,CardBoard,0.661395,3,4,0.43,1354.05,0.739,57.4,24.3,602.21,49.66
2026-07-27T01:18:01.648,RT_20260727_011800_000083,,real_time_webcam,1.76,Paper,0.566558,5.08,114.03,CardBoard,0.997746,5.36,702.29,CardBoard,0.79873,5.26,461.7,CardBoard,0.633078,5.4,31.68,CardBoard,CardBoard,0.715076,CardBoard,0.718929,3,4,0.43,1332.78,0.75,53.2,24.3,602.21,49.17
2026-07-27T01:18:03.017,RT_20260727_011801_000084,,real_time_webcam,3.08,CardBoard,0.541879,5.28,147.61,CardBoard,0.998856,5.17,668.9,CardBoard,0.864699,5.11,475.35,CardBoard,0.635847,5.14,31.23,CardBoard,CardBoard,0.76032,CardBoard,0.764639,4,4,0.43,1345.78,0.743,55.0,24.3,602.21,49.17
2026-07-27T01:18:04.350,RT_20260727_011803_000085,,real_time_webcam,1.78,Paper,0.778431,5.11,116.58,CardBoard,0.998574,5.32,683.25,CardBoard,0.821333,5.35,459.18,CardBoard,0.6193,5.39,31.32,CardBoard,CardBoard,0.6637,CardBoard,0.667837,3,4,0.44,1313.57,0.761,52.2,24.3,602.21,49.17
2026-07-27T01:18:05.755,RT_20260727_011804_000086,,real_time_webcam,2.98,Paper,0.763744,5.37,144.49,CardBoard,0.999242,5.15,718.21,CardBoard,0.520417,5.18,463.96,CardBoard,0.632631,5.16,31.49,CardBoard,CardBoard,0.595427,CardBoard,0.5973,3,4,0.49,1381.06,0.724,56.6,24.3,602.21,49.66
2026-07-27T01:18:07.104,RT_20260727_011805_000087,,real_time_webcam,1.76,Paper,0.91288,5.14,117.42,CardBoard,0.998396,5.38,714.62,CardBoard,0.724126,5.39,443.48,CardBoard,0.55488,5.34,31.03,CardBoard,CardBoard,0.59063,CardBoard,0.595007,3,4,0.43,1329.85,0.752,52.4,24.3,602.21,49.17
2026-07-27T01:18:08.487,RT_20260727_011807_000088,,real_time_webcam,1.89,Paper,0.645748,5.96,139.69,CardBoard,0.997703,5.03,718.31,CardBoard,0.696749,5.44,447.89,CardBoard,0.68477,5.2,31.14,CardBoard,CardBoard,0.68241,CardBoard,0.684757,3,4,0.5,1361.02,0.735,56.1,24.3,602.21,49.66
2026-07-27T01:18:09.841,RT_20260727_011808_000089,,real_time_webcam,3.37,Paper,0.566532,5.08,113.57,CardBoard,0.997487,5.34,718.43,CardBoard,0.879276,5.38,447.06,CardBoard,0.576152,5.34,31.32,CardBoard,CardBoard,0.72092,CardBoard,0.726177,3,4,0.43,1333.5,0.75,51.9,24.3,602.21,48.69
2026-07-27T01:18:11.230,RT_20260727_011809_000090,,real_time_webcam,1.94,CardBoard,0.721501,5.89,141.32,CardBoard,0.996464,5.52,717.76,CardBoard,0.812973,5.43,452.14,CardBoard,0.598668,5.14,31.28,CardBoard,CardBoard,0.782402,CardBoard,0.786971,4,4,0.44,1366.66,0.732,56.6,24.3,602.21,48.69
2026-07-27T01:18:12.585,RT_20260727_011811_000091,,real_time_webcam,1.75,Paper,0.740146,5.1,115.1,CardBoard,0.99848,5.44,722.46,CardBoard,0.920028,5.42,443.82,CardBoard,0.579548,5.35,31.03,CardBoard,CardBoard,0.68852,CardBoard,0.693947,3,4,0.43,1335.7,0.749,52.5,24.3,602.21,49.66
2026-07-27T01:18:13.979,RT_20260727_011812_000092,,real_time_webcam,3.12,Paper,0.565688,5.22,140.22,CardBoard,0.998993,5.28,728.63,CardBoard,0.866415,5.17,448.8,CardBoard,0.660432,5.19,31.01,CardBoard,CardBoard,0.739025,CardBoard,0.742946,3,4,0.43,1371.58,0.729,57.0,24.3,602.21,49.17
2026-07-27T01:18:15.345,RT_20260727_011813_000093,,real_time_webcam,1.82,Paper,0.698023,5.08,117.23,CardBoard,0.999188,5.41,726.94,CardBoard,0.802391,5.4,447.11,CardBoard,0.610284,5.37,31.35,CardBoard,CardBoard,0.676225,CardBoard,0.680402,3,4,0.43,1345.89,0.743,53.0,24.3,602.21,50.15
2026-07-27T01:18:16.731,RT_20260727_011815_000094,,real_time_webcam,1.92,Paper,0.671842,5.86,140.6,CardBoard,0.999081,5.33,718.07,CardBoard,0.769822,5.26,450.98,CardBoard,0.639287,5.15,31.19,CardBoard,CardBoard,0.681657,CardBoard,0.685184,3,4,0.44,1364.51,0.733,56.0,24.3,602.21,49.66
2026-07-27T01:18:18.093,RT_20260727_011816_000095,,real_time_webcam,1.86,Paper,0.588561,5.03,113.7,CardBoard,0.998344,5.39,724.77,CardBoard,0.817653,5.41,449.03,CardBoard,0.557364,5.35,31.22,CardBoard,CardBoard,0.692567,CardBoard,0.697674,3,4,0.43,1341.91,0.745,53.2,24.3,602.21,49.17
2026-07-27T01:18:19.482,RT_20260727_011818_000096,,real_time_webcam,1.93,Paper,0.767333,5.97,139.7,CardBoard,0.999172,5.74,719.72,CardBoard,0.845113,5.39,452.9,CardBoard,0.711799,5.2,30.9,CardBoard,CardBoard,0.69607,CardBoard,0.698999,3,4,0.43,1367.72,0.731,56.4,24.3,602.21,49.66
2026-07-27T01:18:20.834,RT_20260727_011819_000097,,real_time_webcam,1.75,CardBoard,0.535211,5.21,114.25,CardBoard,0.999777,5.46,719.0,CardBoard,0.799426,5.41,444.55,CardBoard,0.584438,5.4,31.42,CardBoard,CardBoard,0.729713,CardBoard,0.734354,4,4,0.43,1332.73,0.75,52.2,24.3,602.21,48.69
2026-07-27T01:18:22.228,RT_20260727_011820_000098,,real_time_webcam,2.05,Paper,0.531758,5.92,143.97,CardBoard,0.9994,5.11,721.64,CardBoard,0.882486,5.47,450.89,CardBoard,0.590262,5.15,31.14,CardBoard,CardBoard,0.733598,CardBoard,0.738694,3,4,0.43,1371.43,0.729,56.2,24.3,602.21,49.66
2026-07-27T01:18:23.583,RT_20260727_011822_000099,,real_time_webcam,1.81,Paper,0.60265,5.05,115.14,CardBoard,0.997966,5.39,722.27,CardBoard,0.78623,5.33,444.6,CardBoard,0.595854,5.38,31.14,CardBoard,CardBoard,0.691314,CardBoard,0.695622,3,4,0.43,1336.33,0.748,52.5,24.3,602.21,49.17
2026-07-27T01:18:24.977,RT_20260727_011823_000100,,real_time_webcam,2.98,CardBoard,0.612383,5.29,142.74,CardBoard,0.998265,5.07,724.31,CardBoard,0.895936,4.89,449.68,CardBoard,0.556412,5.15,31.38,CardBoard,CardBoard,0.765749,CardBoard,0.771493,4,4,0.43,1370.55,0.73,55.9,24.3,602.21,50.15
2026-07-27T01:18:26.334,RT_20260727_011824_000101,,real_time_webcam,1.76,Paper,0.728043,5.09,116.88,CardBoard,0.994681,5.39,721.55,CardBoard,0.755695,5.38,444.59,CardBoard,0.569592,5.33,31.51,CardBoard,CardBoard,0.647372,CardBoard,0.651791,3,4,0.43,1337.76,0.748,52.7,24.3,602.21,49.66
2026-07-27T01:18:27.723,RT_20260727_011826_000102,,real_time_webcam,1.79,Paper,0.576545,5.32,142.11,CardBoard,0.9983,5.67,722.26,CardBoard,0.774858,5.15,447.62,CardBoard,0.596762,5.07,31.67,CardBoard,CardBoard,0.69648,CardBoard,0.70071,3,4,0.48,1367.01,0.732,56.1,24.3,602.21,49.66
2026-07-27T01:18:29.081,RT_20260727_011827_000103,,real_time_webcam,1.82,CardBoard,0.640767,5.07,113.39,CardBoard,0.995895,5.39,723.16,CardBoard,0.926101,5.34,447.41,CardBoard,0.657302,5.33,31.16,CardBoard,CardBoard,0.805016,CardBoard,0.809454,4,4,0.43,1338.28,0.747,52.6,24.3,602.21,50.15
2026-07-27T01:18:30.468,RT_20260727_011829_000104,,real_time_webcam,1.76,CardBoard,0.525618,5.79,142.77,CardBoard,0.998121,5.18,719.23,CardBoard,0.697553,5.34,448.32,CardBoard,0.61055,5.03,31.15,CardBoard,CardBoard,0.70796,CardBoard,0.711493,4,4,0.43,1364.99,0.733,56.0,24.3,602.21,48.69
2026-07-27T01:18:31.819,RT_20260727_011830_000105,,real_time_webcam,1.59,Paper,0.772556,5.05,115.75,CardBoard,0.997205,5.33,715.16,CardBoard,0.753221,5.41,445.62,CardBoard,0.615162,5.4,31.14,CardBoard,CardBoard,0.647779,CardBoard,0.651502,3,4,0.49,1330.91,0.751,52.5,24.3,602.21,50.15
2026-07-27T01:18:33.211,RT_20260727_011831_000106,,real_time_webcam,1.89,Paper,0.520423,5.94,138.65,CardBoard,0.998904,5.35,722.84,CardBoard,0.869146,5.24,453.61,CardBoard,0.60764,5.19,31.41,CardBoard,CardBoard,0.737335,CardBoard,0.742079,3,4,0.48,1370.3,0.73,56.9,24.3,602.21,50.15
2026-07-27T01:18:34.565,RT_20260727_011833_000107,,real_time_webcam,1.56,Paper,0.657456,5.12,114.75,CardBoard,0.997866,5.41,720.69,CardBoard,0.696038,5.32,445.56,CardBoard,0.631426,5.34,31.08,CardBoard,CardBoard,0.666533,CardBoard,0.669669,3,4,0.43,1335.27,0.749,53.3,24.3,602.21,49.66
2026-07-27T01:18:35.971,RT_20260727_011834_000108,,real_time_webcam,3.08,CardBoard,0.636658,5.24,142.07,CardBoard,0.999549,4.97,736.72,CardBoard,0.828024,5.21,450.26,CardBoard,0.580127,5.21,31.15,CardBoard,CardBoard,0.76109,CardBoard,0.766031,4,4,0.49,1382.88,0.723,57.4,24.3,602.21,50.15
2026-07-27T01:18:37.316,RT_20260727_011835_000109,,real_time_webcam,1.56,Paper,0.69087,5.13,114.09,CardBoard,0.99535,5.15,712.51,CardBoard,0.889897,5.11,445.36,CardBoard,0.537652,5.31,31.36,CardBoard,CardBoard,0.681849,CardBoard,0.687689,3,4,0.43,1326.14,0.754,51.4,24.3,602.21,49.66
2026-07-27T01:18:38.710,RT_20260727_011837_000110,,real_time_webcam,1.6,CardBoard,0.585046,5.8,142.72,CardBoard,0.999024,5.28,723.98,CardBoard,0.847217,5.01,450.68,CardBoard,0.545891,5.13,31.45,CardBoard,CardBoard,0.744294,CardBoard,0.749855,4,4,0.43,1372.35,0.729,56.1,24.3,602.21,49.17
2026-07-27T01:18:40.068,RT_20260727_011838_000111,,real_time_webcam,1.49,Paper,0.580599,5.08,116.11,CardBoard,0.999176,5.55,720.09,CardBoard,0.809954,5.38,447.85,CardBoard,0.582109,5.4,30.97,CardBoard,CardBoard,0.701996,CardBoard,0.706694,3,4,0.43,1338.49,0.747,52.2,24.3,602.21,50.15
2026-07-27T01:18:41.464,RT_20260727_011840_000112,,real_time_webcam,1.76,CardBoard,0.628965,5.84,143.22,CardBoard,0.997948,5.06,723.28,CardBoard,0.828208,5.11,453.87,CardBoard,0.667143,5.13,31.36,CardBoard,CardBoard,0.780566,CardBoard,0.784193,4,4,0.42,1375.07,0.727,56.7,24.3,602.21,49.66
2026-07-27T01:18:42.829,RT_20260727_011841_000113,,real_time_webcam,1.53,Paper,0.961551,5.1,114.46,CardBoard,0.990699,5.37,728.29,CardBoard,0.866277,5.32,448.31,CardBoard,0.552502,5.39,31.22,CardBoard,CardBoard,0.609814,CardBoard,0.615126,3,4,0.43,1345.51,0.743,52.7,24.3,602.21,49.66
2026-07-27T01:18:44.214,RT_20260727_011842_000114,,real_time_webcam,1.87,CardBoard,0.766972,5.87,145.9,CardBoard,0.998508,5.08,712.75,CardBoard,0.625168,5.52,449.31,CardBoard,0.607163,5.12,31.4,CardBoard,CardBoard,0.749453,CardBoard,0.752634,4,4,0.42,1363.1,0.734,55.9,24.2,602.21,49.17
2026-07-27T01:18:45.571,RT_20260727_011844_000115,,real_time_webcam,1.55,CardBoard,0.721672,5.08,113.32,CardBoard,0.999639,5.34,722.6,CardBoard,0.73899,5.38,447.38,CardBoard,0.584965,5.41,31.28,CardBoard,CardBoard,0.761316,CardBoard,0.765605,4,4,0.49,1337.86,0.747,52.3,24.2,602.21,48.69
2026-07-27T01:18:46.959,RT_20260727_011845_000116,,real_time_webcam,3.09,CardBoard,0.627948,5.31,140.69,CardBoard,0.999437,5.39,719.29,CardBoard,0.700615,5.15,450.72,CardBoard,0.639628,5.23,31.06,CardBoard,CardBoard,0.741907,CardBoard,0.745076,4,4,0.5,1364.9,0.733,56.6,24.3,602.21,49.17
2026-07-27T01:18:48.314,RT_20260727_011846_000117,,real_time_webcam,1.58,CardBoard,0.704323,5.13,113.67,CardBoard,0.995834,5.33,723.43,CardBoard,0.776722,5.4,444.59,CardBoard,0.547103,5.37,31.12,CardBoard,CardBoard,0.755995,CardBoard,0.761074,4,4,0.43,1336.0,0.749,52.4,24.3,602.21,49.17
2026-07-27T01:18:49.702,RT_20260727_011848_000118,,real_time_webcam,1.88,CardBoard,0.647466,5.78,147.8,CardBoard,0.996556,5.18,713.18,CardBoard,0.695278,5.78,449.6,CardBoard,0.637999,4.89,31.58,CardBoard,CardBoard,0.744325,CardBoard,0.747467,4,4,0.43,1366.17,0.732,56.0,24.3,602.21,48.69
2026-07-27T01:18:51.059,RT_20260727_011849_000119,,real_time_webcam,1.47,CardBoard,0.679017,5.14,115.8,CardBoard,0.999318,5.31,721.59,CardBoard,0.735863,5.5,445.91,CardBoard,0.633181,5.41,31.23,CardBoard,CardBoard,0.761845,CardBoard,0.765373,4,4,0.43,1337.92,0.747,52.8,24.3,602.21,50.15
2026-07-27T01:18:52.458,RT_20260727_011851_000120,,real_time_webcam,1.9,Paper,0.511814,6.02,149.39,CardBoard,0.996147,5.14,720.47,CardBoard,0.741787,5.17,451.99,CardBoard,0.604833,5.15,31.3,CardBoard,CardBoard,0.703211,CardBoard,0.707097,3,4,0.43,1376.65,0.726,55.8,24.2,602.21,49.66
2026-07-27T01:18:53.814,RT_20260727_011852_000121,,real_time_webcam,1.48,CardBoard,0.598742,5.09,115.21,CardBoard,0.998982,5.43,719.33,CardBoard,0.753705,5.38,447.94,CardBoard,0.62193,5.33,31.63,CardBoard,CardBoard,0.74334,CardBoard,0.747125,4,4,0.42,1337.34,0.748,52.6,24.2,602.21,49.17
2026-07-27T01:18:55.202,RT_20260727_011853_000122,,real_time_webcam,1.84,Plastic,0.796162,5.88,144.46,CardBoard,0.590093,5.28,710.98,CardBoard,0.523254,5.18,455.81,Metal,0.610179,5.11,31.35,CardBoard,Plastic,0.383501,Plastic,0.382396,1,4,0.44,1366.2,0.732,56.2,24.3,602.21,49.17
2026-07-27T01:18:56.557,RT_20260727_011855_000123,,real_time_webcam,1.58,Paper,0.970142,5.09,112.98,Paper,0.997607,5.12,723.57,CardBoard,0.423239,5.3,445.75,Paper,0.386493,5.35,31.08,Paper,Paper,0.620481,Paper,0.623601,3,4,0.43,1336.23,0.748,52.3,24.3,602.21,49.17
2026-07-27T01:18:57.945,RT_20260727_011856_000124,,real_time_webcam,3.05,Paper,0.871339,5.23,141.99,Plastic,0.549472,5.04,721.39,CardBoard,0.87729,4.89,449.27,Paper,0.41603,5.14,31.19,Paper,Paper,0.444671,Paper,0.44248,2,4,0.43,1366.17,0.732,56.5,24.3,602.21,50.15
2026-07-27T01:18:59.297,RT_20260727_011857_000125,,real_time_webcam,1.53,Paper,0.616167,5.06,115.1,Paper,0.938958,5.36,719.99,CardBoard,0.711857,5.32,445.37,CardBoard,0.568566,5.07,31.12,Paper,Paper,0.521834,Paper,0.525145,2,4,0.43,1334.37,0.749,52.5,24.3,602.21,49.66
2026-07-27T01:19:00.681,RT_20260727_011859_000126,,real_time_webcam,1.9,Paper,0.961918,5.81,139.65,Paper,0.897716,5.42,717.4,CardBoard,0.905869,5.15,449.95,Paper,0.530477,5.18,31.19,Paper,Paper,0.618089,Paper,0.617976,3,4,0.5,1362.07,0.734,56.9,24.3,602.21,49.66
2026-07-27T01:19:02.054,RT_20260727_011900_000127,,real_time_webcam,1.73,Paper,0.99794,6.58,129.87,Paper,0.928062,5.46,720.14,CardBoard,0.7054,5.42,447.11,Paper,0.670732,5.41,31.06,Paper,Paper,0.698353,Paper,0.697181,3,4,0.43,1353.06,0.739,53.8,24.3,602.21,48.69
2026-07-27T01:19:03.444,RT_20260727_011902_000128,,real_time_webcam,3.08,Plastic,0.578232,5.32,142.66,Paper,0.810193,4.99,724.18,Paper,0.801362,5.28,447.64,Plastic,0.661581,5.2,31.36,Paper,Paper,0.538055,Paper,0.547496,2,4,0.46,1368.71,0.731,56.0,24.3,602.21,48.2
2026-07-27T01:19:04.795,RT_20260727_011903_000129,,real_time_webcam,1.46,Paper,0.685692,5.17,114.37,Paper,0.980017,5.45,718.83,CardBoard,0.397113,5.42,444.57,Metal,0.369935,5.44,31.3,Paper,Paper,0.558513,Paper,0.56506,2,4,0.51,1332.67,0.75,52.4,24.3,602.21,49.66
2026-07-27T01:19:06.166,RT_20260727_011904_000130,,real_time_webcam,2.4,Paper,0.498994,5.6,152.68,Paper,0.909058,5.31,672.5,CardBoard,0.449279,4.96,470.44,Metal,0.447965,5.37,31.44,Paper,Paper,0.50597,Paper,0.512294,2,4,0.44,1350.31,0.741,57.2,24.3,602.21,49.17
2026-07-27T01:19:07.484,RT_20260727_011906_000131,,real_time_webcam,1.67,Paper,0.732292,5.12,117.06,Paper,0.964816,5.52,666.27,CardBoard,0.504349,5.31,462.13,Metal,0.463611,5.36,31.12,Paper,Paper,0.525724,Paper,0.531685,2,4,0.43,1300.0,0.769,52.0,24.3,602.21,49.66
2026-07-27T01:19:08.847,RT_20260727_011907_000132,,real_time_webcam,2.99,CardBoard,0.667443,5.4,155.58,Paper,0.988607,5.14,664.17,CardBoard,0.590818,5.54,466.93,Paper,0.337114,5.23,31.37,Paper,Paper,0.45484,Paper,0.458677,2,4,0.46,1341.44,0.745,54.6,24.3,602.21,49.66
2026-07-27T01:19:10.176,RT_20260727_011908_000133,,real_time_webcam,1.53,Paper,0.77963,5.09,119.48,Paper,0.99999,5.43,675.6,Paper,0.429568,5.23,461.27,Plastic,0.41532,5.42,30.94,Paper,Paper,0.640902,Paper,0.646527,3,4,0.43,1310.46,0.763,51.5,24.3,602.21,50.15
2026-07-27T01:19:11.561,RT_20260727_011910_000134,,real_time_webcam,1.76,Paper,0.732929,5.78,165.24,Paper,0.99948,5.16,677.33,CardBoard,0.606539,4.95,468.37,Paper,0.575082,5.15,31.26,Paper,Paper,0.646775,Paper,0.648046,3,4,0.43,1365.25,0.732,55.5,24.3,602.21,49.66
2026-07-27T01:19:12.890,RT_20260727_011911_000135,,real_time_webcam,1.65,CardBoard,0.692652,5.02,123.27,Paper,0.998232,5.38,671.16,CardBoard,0.631767,5.39,461.87,Paper,0.586873,5.37,31.5,Paper,Paper,0.551068,Paper,0.552471,2,4,0.45,1310.97,0.763,50.9,24.3,602.21,50.63
2026-07-27T01:19:14.256,RT_20260727_011912_000136,,real_time_webcam,1.71,CardBoard,0.580644,5.74,147.38,Paper,0.987074,4.89,676.75,CardBoard,0.638045,5.18,466.37,Paper,0.569044,5.16,30.99,Paper,Paper,0.575455,Paper,0.576961,2,4,0.45,1344.55,0.744,55.8,24.1,602.21,48.69
2026-07-27T01:19:15.580,RT_20260727_011914_000137,,real_time_webcam,1.58,Paper,0.740484,5.16,115.47,Paper,0.750977,5.37,674.34,CardBoard,0.689449,5.39,461.69,Plastic,0.694409,5.57,31.32,Paper,Paper,0.498403,Paper,0.502647,2,4,0.42,1306.37,0.765,51.7,24.1,602.21,49.17
2026-07-27T01:19:16.936,RT_20260727_011915_000138,,real_time_webcam,2.86,Paper,0.697764,5.33,142.28,CardBoard,0.982149,5.23,670.24,CardBoard,0.857358,5.14,467.08,Plastic,0.536897,5.12,31.27,CardBoard,CardBoard,0.57034,CardBoard,0.581646,2,4,0.47,1333.8,0.75,55.8,24.2,602.21,50.15
2026-07-27T01:19:18.251,RT_20260727_011916_000139,,real_time_webcam,1.63,Paper,0.507151,5.14,114.13,CardBoard,0.850884,5.39,667.17,CardBoard,0.860299,5.34,460.33,Plastic,0.377698,5.37,31.03,CardBoard,CardBoard,0.611586,CardBoard,0.619616,2,4,0.44,1296.02,0.772,51.4,24.2,602.21,50.15
2026-07-27T01:19:19.619,RT_20260727_011918_000140,,real_time_webcam,1.92,Paper,0.567711,5.89,151.35,CardBoard,0.957114,5.18,665.58,CardBoard,0.993916,4.88,475.36,Plastic,0.409873,5.18,31.02,CardBoard,CardBoard,0.613946,CardBoard,0.625057,2,4,0.44,1346.51,0.743,54.8,24.2,602.21,49.66
2026-07-27T01:19:20.951,RT_20260727_011919_000141,,real_time_webcam,1.6,Paper,0.543622,5.15,123.74,CardBoard,0.966672,5.14,673.19,CardBoard,0.968698,5.4,461.59,Plastic,0.384092,5.42,31.08,CardBoard,CardBoard,0.638197,CardBoard,0.648866,2,4,0.5,1312.77,0.762,50.9,24.2,602.21,49.66
2026-07-27T01:19:22.311,RT_20260727_011920_000142,,real_time_webcam,1.74,Paper,0.576611,6.1,150.75,Plastic,0.630323,5.23,663.37,CardBoard,0.954301,5.16,469.1,Plastic,0.467412,5.15,31.25,Plastic,CardBoard,0.443206,CardBoard,0.449329,1,4,0.49,1338.22,0.747,55.2,24.2,602.21,49.17
2026-07-27T01:19:23.634,RT_20260727_011922_000143,,real_time_webcam,1.48,Paper,0.609697,5.07,121.28,Plastic,0.528093,5.37,669.16,CardBoard,0.966323,5.35,460.81,Paper,0.379623,5.34,31.02,Paper,CardBoard,0.495807,CardBoard,0.502519,1,4,0.44,1305.43,0.766,50.9,24.2,602.21,50.15
2026-07-27T01:19:24.992,RT_20260727_011923_000144,,real_time_webcam,2.97,Paper,0.78071,5.27,151.19,CardBoard,0.991443,5.19,663.81,CardBoard,0.98516,5.2,466.56,Paper,0.424592,5.15,31.15,CardBoard,CardBoard,0.582783,CardBoard,0.59471,2,4,0.45,1335.56,0.749,54.9,24.2,602.21,49.66
2026-07-27T01:19:26.323,RT_20260727_011925_000145,,real_time_webcam,1.6,Paper,0.745576,5.06,120.55,CardBoard,0.934441,5.45,675.07,CardBoard,0.986387,5.36,460.97,Plastic,0.432065,5.36,31.28,CardBoard,CardBoard,0.604176,CardBoard,0.614365,2,4,0.49,1311.15,0.763,51.3,24.2,602.21,49.66
2026-07-27T01:19:27.683,RT_20260727_011926_000146,,real_time_webcam,3.03,Paper,0.526723,5.28,151.18,CardBoard,0.958698,5.23,668.63,CardBoard,0.933393,5.06,464.27,CardBoard,0.341966,5.19,31.02,CardBoard,CardBoard,0.666836,CardBoard,0.675669,3,4,0.44,1337.96,0.747,55.7,24.3,602.21,50.15
2026-07-27T01:19:29.011,RT_20260727_011927_000147,,real_time_webcam,1.51,Paper,0.647012,5.15,118.19,CardBoard,0.900899,5.37,673.96,CardBoard,0.99385,5.41,462.41,Plastic,0.424572,5.42,31.07,CardBoard,CardBoard,0.609818,CardBoard,0.620425,2,4,0.43,1309.03,0.764,51.2,24.3,602.21,49.17
2026-07-27T01:19:30.382,RT_20260727_011929_000148,,real_time_webcam,1.93,Paper,0.829844,6.04,152.92,CardBoard,0.99674,4.91,675.86,CardBoard,0.950127,4.91,465.76,Plastic,0.458179,5.19,31.2,CardBoard,CardBoard,0.561809,CardBoard,0.573748,2,4,0.43,1348.78,0.741,55.4,24.2,602.21,49.66
2026-07-27T01:19:31.692,RT_20260727_011930_000149,,real_time_webcam,1.49,Paper,0.805402,5.12,114.22,CardBoard,0.958613,5.42,664.4,CardBoard,0.994571,5.3,458.3,Plastic,0.455117,5.32,31.5,CardBoard,CardBoard,0.590313,CardBoard,0.601095,2,4,0.43,1291.67,0.774,51.4,24.3,602.21,49.66
2026-07-27T01:19:33.042,RT_20260727_011931_000150,,real_time_webcam,3.01,Paper,0.64086,5.21,145.41,CardBoard,0.997224,5.21,662.86,CardBoard,0.976025,5.38,464.79,Plastic,0.581247,5.11,31.26,CardBoard,CardBoard,0.613827,CardBoard,0.625559,2,4,0.43,1327.24,0.753,56.2,24.3,602.21,50.15
2026-07-27T01:19:34.357,RT_20260727_011933_000151,,real_time_webcam,1.56,Paper,0.914999,5.1,114.92,Paper,0.574307,5.2,666.22,CardBoard,0.931845,5.16,461.37,CardBoard,0.820022,5.1,30.93,CardBoard,CardBoard,0.561504,CardBoard,0.558857,2,4,0.44,1296.01,0.772,52.8,24.3,602.21,49.17
2026-07-27T01:19:35.716,RT_20260727_011934_000152,,real_time_webcam,3.03,Plastic,0.454751,5.22,142.8,Paper,0.733469,5.12,672.29,Plastic,0.608258,4.88,467.14,Plastic,0.489518,5.07,31.23,Plastic,Plastic,0.412241,Plastic,0.410038,3,4,0.43,1335.79,0.749,56.4,24.3,602.21,50.15
2026-07-27T01:19:37.035,RT_20260727_011935_000153,,real_time_webcam,1.48,Paper,0.609579,5.15,116.4,CardBoard,0.999194,5.36,669.69,CardBoard,0.952762,5.38,461.28,Paper,0.719706,5.4,31.0,CardBoard,CardBoard,0.540279,CardBoard,0.553553,2,4,0.45,1301.67,0.768,52.2,24.3,602.21,50.63
2026-07-27T01:19:38.388,RT_20260727_011937_000154,,real_time_webcam,1.63,Paper,0.803327,5.67,143.07,Plastic,0.855083,5.61,661.9,CardBoard,0.707038,5.2,471.51,Plastic,0.789623,5.15,31.31,Plastic,Plastic,0.468431,Plastic,0.463599,2,4,0.43,1331.72,0.751,56.4,24.2,602.21,49.66
2026-07-27T01:19:39.703,RT_20260727_011938_000155,,real_time_webcam,1.51,Paper,0.941217,5.15,115.8,Paper,0.924777,5.36,665.06,CardBoard,0.933011,5.07,461.11,Plastic,0.592883,5.37,31.27,Paper,Paper,0.544457,Paper,0.548083,2,4,0.5,1296.35,0.771,51.4,24.2,602.21,50.15
2026-07-27T01:19:41.062,RT_20260727_011939_000156,,real_time_webcam,3.47,Paper,0.907073,5.31,152.62,Paper,0.985071,5.19,667.1,CardBoard,0.616664,5.25,463.09,Plastic,0.529712,5.13,31.12,Paper,Paper,0.634148,Paper,0.639114,2,4,0.43,1336.88,0.748,55.4,24.3,602.21,49.66
2026-07-27T01:19:42.375,RT_20260727_011941_000157,,real_time_webcam,1.54,Paper,0.941145,5.05,120.44,Paper,0.995966,5.4,661.49,Paper,0.522207,5.39,458.82,Paper,0.610004,5.38,30.82,Paper,Paper,0.76733,Paper,0.769808,4,4,0.44,1294.86,0.772,50.5,24.3,602.21,49.17
2026-07-27T01:19:43.733,RT_20260727_011942_000158,,real_time_webcam,3.13,Paper,0.995782,5.26,153.5,Paper,0.979399,4.94,665.32,CardBoard,0.902528,5.23,464.38,Plastic,0.541741,4.86,31.16,Paper,Paper,0.589352,Paper,0.59355,2,4,0.43,1336.75,0.748,55.2,24.3,602.21,49.17
2026-07-27T01:19:45.051,RT_20260727_011943_000159,,real_time_webcam,1.61,CardBoard,0.510182,5.03,121.91,Paper,0.998953,5.37,664.47,CardBoard,0.499947,5.37,459.1,Paper,0.574905,5.38,31.04,Paper,Paper,0.631213,Paper,0.633807,2,4,0.45,1299.71,0.769,51.2,24.3,602.21,50.63
2026-07-27T01:19:46.411,RT_20260727_011945_000160,,real_time_webcam,1.94,Paper,0.68463,5.97,150.86,Paper,0.996432,5.2,664.59,CardBoard,0.606443,5.17,468.45,Paper,0.548155,5.22,31.24,Paper,Paper,0.651996,Paper,0.654311,3,4,0.43,1338.76,0.747,55.6,24.3,602.21,50.63
2026-07-27T01:19:47.735,RT_20260727_011946_000161,,real_time_webcam,1.57,Paper,0.886801,5.16,114.97,Paper,0.994759,5.4,675.9,CardBoard,0.73218,5.14,459.97,Paper,0.687853,5.39,31.27,Paper,Paper,0.702928,Paper,0.702282,3,4,0.44,1305.28,0.766,51.5,24.3,602.21,50.15
2026-07-27T01:19:49.099,RT_20260727_011947_000162,,real_time_webcam,1.87,Paper,0.809162,5.95,153.7,Paper,0.999553,5.17,667.22,Paper,0.679033,4.89,467.49,Paper,0.574275,5.21,31.02,Paper,Paper,0.765506,Paper,0.769574,4,4,0.48,1342.72,0.745,55.3,24.3,602.21,50.15
2026-07-27T01:19:50.411,RT_20260727_011949_000163,,real_time_webcam,1.58,Paper,0.906387,5.11,115.69,Paper,0.998346,5.42,663.93,Paper,0.893074,5.37,460.98,Paper,0.733856,5.38,30.95,Paper,Paper,0.882916,Paper,0.886105,4,4,0.43,1294.88,0.772,51.1,24.3,602.21,49.17
2026-07-27T01:19:51.771,RT_20260727_011950_000164,,real_time_webcam,3.01,Paper,0.937291,5.36,149.61,Paper,0.999859,4.93,664.37,Paper,0.811957,5.2,468.88,Paper,0.641135,5.15,31.79,Paper,Paper,0.847561,Paper,0.851599,4,4,0.48,1337.34,0.748,55.3,24.3,602.21,49.66
2026-07-27T01:19:53.089,RT_20260727_011951_000165,,real_time_webcam,1.48,Paper,0.960738,5.15,121.37,Paper,0.999865,5.44,664.99,Paper,0.565121,5.47,459.45,Paper,0.510765,5.37,31.22,Paper,Paper,0.759122,Paper,0.763416,4,4,0.43,1300.45,0.769,50.5,24.3,602.21,48.69
2026-07-27T01:19:54.447,RT_20260727_011953_000166,,real_time_webcam,1.95,Paper,0.953859,6.09,149.56,Paper,0.999785,4.98,670.04,Paper,0.628175,4.9,462.53,Paper,0.623439,5.16,32.37,Paper,Paper,0.801315,Paper,0.804356,4,4,0.43,1337.69,0.748,55.2,24.3,602.21,49.17
2026-07-27T01:19:55.760,RT_20260727_011954_000167,,real_time_webcam,1.55,Paper,0.973877,5.18,114.39,Paper,0.990842,5.44,666.54,Paper,0.565328,5.45,459.48,Plastic,0.439376,5.4,31.23,Paper,Paper,0.724957,Paper,0.731294,3,4,0.43,1295.16,0.772,51.5,24.3,602.21,49.17
2026-07-27T01:19:57.117,RT_20260727_011955_000168,,real_time_webcam,1.66,Paper,0.84051,5.67,144.83,Paper,0.999964,5.15,668.2,Paper,0.880784,5.19,468.9,Paper,0.629506,5.18,31.41,Paper,Paper,0.837691,Paper,0.842341,4,4,0.43,1336.56,0.748,55.7,24.2,602.21,49.17
2026-07-27T01:19:58.428,RT_20260727_011957_000169,,real_time_webcam,1.69,Paper,0.926247,5.11,115.81,Paper,0.999742,5.48,664.27,Paper,0.878955,5.4,458.72,Paper,0.726994,5.42,30.97,Paper,Paper,0.882984,Paper,0.886197,4,4,0.43,1293.22,0.773,51.2,24.2,602.21,50.15
2026-07-27T01:19:59.778,RT_20260727_011958_000170,,real_time_webcam,2.96,Paper,0.929839,5.32,139.33,Paper,0.999119,5.29,668.29,Paper,0.859784,4.93,465.27,Paper,0.673022,4.98,31.89,Paper,Paper,0.865441,Paper,0.869325,4,4,0.43,1327.4,0.753,56.2,24.2,602.21,49.66
2026-07-27T01:20:01.098,RT_20260727_011959_000171,,real_time_webcam,1.61,Paper,0.875311,5.14,114.44,Paper,0.999132,5.42,664.65,Paper,0.887902,5.41,468.57,Paper,0.694529,5.41,30.77,Paper,Paper,0.864218,Paper,0.867954,4,4,0.42,1301.78,0.768,53.2,24.2,602.21,51.12
2026-07-27T01:20:02.451,RT_20260727_012001_000172,,real_time_webcam,3.05,Paper,0.921725,5.3,140.66,Paper,0.999743,5.49,668.81,Paper,0.854689,5.21,466.63,Paper,0.583934,5.22,31.82,Paper,Paper,0.840023,Paper,0.845204,4,4,0.44,1331.32,0.751,57.2,24.3,602.21,49.66
2026-07-27T01:20:03.756,RT_20260727_012002_000173,,real_time_webcam,1.47,Paper,0.861158,5.12,114.76,Paper,0.999772,5.44,658.83,Paper,0.957221,5.21,459.62,Paper,0.72112,5.29,31.03,Paper,Paper,0.884818,Paper,0.888633,4,4,0.43,1287.39,0.777,51.1,24.3,602.21,51.12
2026-07-27T01:20:05.110,RT_20260727_012003_000174,,real_time_webcam,1.61,Paper,0.968348,5.93,147.97,Paper,0.996642,4.94,665.17,Paper,0.928778,4.95,466.29,Paper,0.585583,5.13,31.25,Paper,Paper,0.869837,Paper,0.875499,4,4,0.44,1333.68,0.75,55.7,24.2,602.21,50.15
2026-07-27T01:20:06.426,RT_20260727_012005_000175,,real_time_webcam,1.61,Paper,0.963048,5.12,115.49,Paper,0.999266,5.5,662.21,Paper,0.838023,5.48,465.07,Paper,0.643929,5.61,31.05,Paper,Paper,0.861066,Paper,0.865249,4,4,0.44,1297.53,0.771,51.4,24.2,602.21,49.66
2026-07-27T01:20:07.792,RT_20260727_012006_000176,,real_time_webcam,3.03,Paper,0.94802,5.32,149.36,Paper,0.999585,5.15,673.28,Paper,0.914567,5.5,466.78,Paper,0.801349,5.27,31.39,Paper,Paper,0.91588,Paper,0.918235,4,4,0.43,1344.24,0.744,55.2,24.3,602.21,50.15
2026-07-27T01:20:09.103,RT_20260727_012007_000177,,real_time_webcam,1.59,Paper,0.871008,5.21,114.72,Paper,0.999863,5.47,665.84,Paper,0.953579,5.44,458.13,Paper,0.746387,5.43,31.35,Paper,Paper,0.892709,Paper,0.896126,4,4,0.43,1293.61,0.773,51.9,24.3,602.21,49.66
2026-07-27T01:20:10.468,RT_20260727_012009_000178,,real_time_webcam,1.89,Paper,0.929754,5.88,145.21,Paper,0.994705,5.16,673.61,Paper,0.930402,4.94,470.69,Paper,0.792337,5.23,31.05,Paper,Paper,0.9118,Paper,0.914354,4,4,0.44,1343.9,0.744,56.0,24.3,602.21,49.17
2026-07-27T01:20:11.788,RT_20260727_012010_000179,,real_time_webcam,1.56,Paper,0.864145,5.25,115.41,Paper,0.999195,5.44,672.54,Paper,0.939429,5.2,460.2,Paper,0.711799,5.34,31.24,Paper,Paper,0.878642,Paper,0.88247,4,4,0.43,1302.73,0.768,51.7,24.3,602.21,49.66
2026-07-27T01:20:13.166,RT_20260727_012011_000180,,real_time_webcam,1.7,Paper,0.954174,6.16,154.33,Paper,0.997488,5.32,670.22,Paper,0.932929,5.34,478.24,Paper,0.711501,5.27,30.99,Paper,Paper,0.899023,Paper,0.902833,4,4,0.44,1357.89,0.736,54.8,24.3,602.21,50.15
2026-07-27T01:20:14.500,RT_20260727_012013_000181,,real_time_webcam,1.61,Paper,0.902541,5.15,117.48,Paper,0.999363,5.46,676.01,Paper,0.820668,5.51,468.26,Paper,0.635941,5.29,30.97,Paper,Paper,0.839628,Paper,0.843787,4,4,0.44,1316.13,0.76,51.2,24.3,602.21,49.17
2026-07-27T01:20:15.906,RT_20260727_012014_000182,,real_time_webcam,3.02,Paper,0.908145,5.43,148.28,Paper,0.999794,4.94,724.83,Paper,0.951949,5.21,457.06,Paper,0.763202,5.21,31.16,Paper,Paper,0.905773,Paper,0.908941,4,4,0.43,1384.13,0.722,54.5,24.3,602.21,49.66
2026-07-27T01:20:17.264,RT_20260727_012015_000183,,real_time_webcam,1.6,Paper,0.773204,5.1,118.94,CardBoard,0.668184,5.57,717.05,Paper,0.986678,5.38,449.02,Plastic,0.389882,5.35,31.12,Paper,Paper,0.549209,Paper,0.551673,2,4,0.43,1339.54,0.747,50.2,24.3,602.21,48.69
2026-07-27T01:20:18.668,RT_20260727_012017_000184,,real_time_webcam,1.93,Plastic,0.648254,6.18,150.99,Plastic,0.923181,5.21,722.06,Plastic,0.481302,5.24,455.12,Paper,0.505832,5.23,31.01,Plastic,Plastic,0.603202,Plastic,0.608459,3,4,0.43,1383.09,0.723,54.2,24.3,602.21,48.69
2026-07-27T01:20:20.002,RT_20260727_012018_000185,,real_time_webcam,1.65,Plastic,0.49202,5.13,122.59,CardBoard,0.729358,5.37,678.02,Plastic,0.475738,5.38,461.17,CardBoard,0.416631,5.05,31.02,Plastic,Plastic,0.387912,Plastic,0.388285,2,4,0.45,1315.73,0.76,50.5,24.3,602.21,49.17
2026-07-27T01:20:21.363,RT_20260727_012020_000186,,real_time_webcam,1.75,Plastic,0.527419,6.04,154.07,CardBoard,0.997802,5.24,666.1,Plastic,0.89677,5.22,465.03,CardBoard,0.524197,5.27,31.33,Plastic,Plastic,0.420649,Plastic,0.42318,2,4,0.51,1340.45,0.746,55.4,24.3,602.21,49.17
2026-07-27T01:20:22.683,RT_20260727_012021_000187,,real_time_webcam,1.47,CardBoard,0.84355,5.19,120.31,CardBoard,0.986579,5.34,666.97,CardBoard,0.693198,5.41,460.23,CardBoard,0.950268,5.41,31.39,CardBoard,CardBoard,0.868399,CardBoard,0.866862,4,4,0.43,1302.29,0.768,50.7,24.3,602.21,50.15
2026-07-27T01:20:24.045,RT_20260727_012022_000188,,real_time_webcam,2.83,CardBoard,0.869352,5.29,151.98,CardBoard,0.972515,4.93,669.27,CardBoard,0.703763,5.13,462.83,CardBoard,0.950951,5.13,31.51,CardBoard,CardBoard,0.874145,CardBoard,0.872574,4,4,0.43,1338.09,0.747,55.0,24.3,602.21,50.63
2026-07-27T01:20:25.368,RT_20260727_012024_000189,,real_time_webcam,1.54,CardBoard,0.890317,5.05,117.21,CardBoard,0.995034,5.36,671.09,CardBoard,0.830028,5.34,461.37,CardBoard,0.930102,5.31,31.41,CardBoard,CardBoard,0.91137,CardBoard,0.911161,4,4,0.43,1304.22,0.767,52.8,24.3,602.21,49.66
2026-07-27T01:20:26.739,RT_20260727_012025_000190,,real_time_webcam,3.11,CardBoard,0.864771,5.23,151.56,CardBoard,0.997532,5.26,675.01,CardBoard,0.756059,4.85,466.23,CardBoard,0.942684,5.12,31.6,CardBoard,CardBoard,0.890261,CardBoard,0.889364,4,4,0.49,1347.11,0.742,57.7,24.3,602.21,49.66
2026-07-27T01:20:28.107,RT_20260727_012026_000191,,real_time_webcam,1.6,CardBoard,0.938817,5.1,123.0,CardBoard,0.994196,5.31,719.78,CardBoard,0.819611,5.08,451.43,CardBoard,0.959166,5.08,31.49,CardBoard,CardBoard,0.927947,CardBoard,0.927245,4,4,0.49,1348.38,0.742,52.7,24.3,602.21,49.17
2026-07-27T01:20:29.517,RT_20260727_012028_000192,,real_time_webcam,1.53,CardBoard,0.913848,5.82,156.64,CardBoard,0.990729,5.04,729.79,CardBoard,0.849212,5.19,447.79,CardBoard,0.953825,5.14,31.28,CardBoard,CardBoard,0.926904,CardBoard,0.926449,4,4,0.43,1388.67,0.72,55.7,24.3,602.21,50.63
2026-07-27T01:20:30.869,RT_20260727_012029_000193,,real_time_webcam,1.62,CardBoard,0.823817,5.08,121.36,CardBoard,0.99844,5.11,707.34,CardBoard,0.727546,5.11,449.61,CardBoard,0.921721,5.34,31.68,CardBoard,CardBoard,0.867881,CardBoard,0.867091,4,4,0.44,1332.61,0.75,51.6,24.2,602.21,49.66
2026-07-27T01:20:32.260,RT_20260727_012030_000194,,real_time_webcam,1.58,CardBoard,0.912015,5.74,145.89,CardBoard,0.99886,5.84,717.64,CardBoard,0.701321,5.34,450.12,CardBoard,0.956815,5.15,31.55,CardBoard,CardBoard,0.892253,CardBoard,0.890795,4,4,0.43,1369.55,0.73,55.8,24.3,602.21,49.17
2026-07-27T01:20:33.616,RT_20260727_012032_000195,,real_time_webcam,1.63,CardBoard,0.875909,5.3,114.89,CardBoard,0.998693,5.37,717.19,CardBoard,0.607145,5.35,448.53,CardBoard,0.962202,5.39,31.66,CardBoard,CardBoard,0.860987,CardBoard,0.858784,4,4,0.43,1335.68,0.749,52.0,24.3,602.21,49.66
2026-07-27T01:20:35.021,RT_20260727_012033_000196,,real_time_webcam,2.79,CardBoard,0.884351,5.24,153.47,CardBoard,0.994278,4.96,727.57,CardBoard,0.768298,5.14,447.74,CardBoard,0.949982,5.13,31.34,CardBoard,CardBoard,0.899227,CardBoard,0.898288,4,4,0.43,1382.61,0.723,54.9,24.3,602.21,49.66
2026-07-27T01:20:36.383,RT_20260727_012035_000197,,real_time_webcam,1.45,CardBoard,0.907852,5.11,120.91,CardBoard,0.999046,5.25,718.42,CardBoard,0.831666,5.39,447.78,CardBoard,0.931704,5.36,31.57,CardBoard,CardBoard,0.917567,CardBoard,0.917383,4,4,0.49,1341.86,0.745,52.1,24.3,602.21,49.17
2026-07-27T01:20:37.790,RT_20260727_012036_000198,,real_time_webcam,3.02,CardBoard,0.938815,5.42,150.31,CardBoard,0.994146,5.18,730.56,CardBoard,0.708839,5.23,449.01,CardBoard,0.959385,5.1,31.54,CardBoard,CardBoard,0.900296,CardBoard,0.898826,4,4,0.43,1384.34,0.722,56.8,24.3,602.21,49.17
2026-07-27T01:20:39.153,RT_20260727_012037_000199,,real_time_webcam,1.58,CardBoard,0.921371,5.1,117.08,CardBoard,0.996794,5.11,724.22,CardBoard,0.602225,5.41,447.54,CardBoard,0.944465,5.39,31.2,CardBoard,CardBoard,0.866214,CardBoard,0.864245,4,4,0.43,1343.02,0.745,54.0,24.3,602.21,49.66
2026-07-27T01:20:40.547,RT_20260727_012039_000200,,real_time_webcam,1.86,CardBoard,0.901692,5.81,149.09,CardBoard,0.998158,5.19,719.01,CardBoard,0.784087,5.13,449.33,CardBoard,0.962106,5.12,31.21,CardBoard,CardBoard,0.911511,CardBoard,0.910535,4,4,0.49,1372.02,0.729,56.4,24.3,602.21,49.66
2026-07-27T01:20:41.906,RT_20260727_012040_000201,,real_time_webcam,1.46,CardBoard,0.770704,5.16,114.55,CardBoard,0.996415,5.43,721.81,CardBoard,0.678501,5.38,449.73,CardBoard,0.958186,5.36,31.01,CardBoard,CardBoard,0.850951,CardBoard,0.849242,4,4,0.43,1340.46,0.746,52.8,24.3,602.21,49.17
2026-07-27T01:20:43.307,RT_20260727_012041_000202,,real_time_webcam,1.55,CardBoard,0.656286,5.65,144.12,CardBoard,0.604113,10.95,723.54,CardBoard,0.802569,4.9,451.44,CardBoard,0.928368,5.23,31.21,CardBoard,CardBoard,0.747834,CardBoard,0.744379,4,4,0.44,1379.14,0.725,56.1,24.3,602.21,49.66
2026-07-27T01:20:44.665,RT_20260727_012043_000203,,real_time_webcam,1.56,CardBoard,0.89798,5.09,114.36,CardBoard,0.747342,5.37,721.47,CardBoard,0.925347,5.11,448.59,CardBoard,0.913566,5.35,31.29,CardBoard,CardBoard,0.871059,CardBoard,0.869862,4,4,0.44,1338.65,0.747,52.4,24.3,602.21,49.66
2026-07-27T01:20:46.073,RT_20260727_012044_000204,,real_time_webcam,3.04,CardBoard,0.504562,5.3,150.75,Paper,0.992495,5.15,731.28,CardBoard,0.576231,4.91,449.41,Paper,0.456482,5.18,31.42,Paper,Paper,0.556622,Paper,0.559882,2,4,0.44,1385.39,0.722,58.0,24.3,602.21,50.15
2026-07-27T01:20:47.439,RT_20260727_012046_000205,,real_time_webcam,1.63,Plastic,0.957248,5.1,115.38,Paper,0.844443,5.35,728.18,Plastic,0.618593,5.41,450.15,Plastic,0.67993,5.4,31.14,Plastic,Plastic,0.602659,Plastic,0.598327,3,4,0.43,1348.08,0.742,54.2,24.2,602.21,50.15
2026-07-27T01:20:48.828,RT_20260727_012047_000206,,real_time_webcam,3.05,Paper,0.581482,5.22,142.83,Plastic,0.999955,5.47,718.57,Plastic,0.919049,5.28,449.64,Plastic,0.568281,5.2,31.56,Plastic,Plastic,0.687685,Plastic,0.693288,3,4,0.59,1366.25,0.732,55.2,24.3,602.21,49.66
2026-07-27T01:20:50.183,RT_20260727_012048_000207,,real_time_webcam,1.55,Plastic,0.884773,5.06,113.18,Paper,0.626355,5.42,720.15,CardBoard,0.40698,5.24,448.64,Plastic,0.444805,5.41,31.29,Plastic,Plastic,0.485567,Plastic,0.483765,2,4,0.43,1336.43,0.748,52.5,24.3,602.21,49.66
2026-07-27T01:20:51.569,RT_20260727_012050_000208,,real_time_webcam,1.75,Metal,0.795539,6.05,140.02,Metal,0.977647,5.34,720.74,Metal,0.452851,5.17,449.91,Metal,0.468914,5.12,31.22,Metal,Metal,0.673738,Metal,0.677647,4,4,0.43,1365.62,0.732,56.7,24.3,602.21,49.66
2026-07-27T01:20:52.917,RT_20260727_012051_000209,,real_time_webcam,1.56,Metal,0.835421,5.07,115.16,Metal,0.906619,5.23,717.35,Metal,0.95653,5.38,443.31,Metal,0.429778,5.22,31.13,Metal,Metal,0.782087,Metal,0.789527,4,4,0.43,1329.83,0.752,51.5,24.3,602.21,50.63
2026-07-27T01:20:54.302,RT_20260727_012052_000210,,real_time_webcam,2.13,Metal,0.718378,5.37,142.12,Metal,0.891625,5.51,718.64,Metal,0.618748,5.33,449.17,Metal,0.381034,5.21,31.43,Metal,Metal,0.652446,Metal,0.658125,4,4,0.44,1364.9,0.733,56.2,24.3,602.21,49.17
2026-07-27T01:20:55.650,RT_20260727_012054_000211,,real_time_webcam,2.13,Metal,0.614056,5.12,113.85,Metal,0.984594,5.43,717.84,Metal,0.770152,5.39,443.39,Metal,0.467803,5.39,31.29,Metal,Metal,0.709151,Metal,0.715248,4,4,0.44,1329.68,0.752,51.7,24.3,602.21,49.17
2026-07-27T01:20:57.034,RT_20260727_012055_000212,,real_time_webcam,2.97,Metal,0.719681,5.29,143.17,Metal,0.846342,5.13,718.14,Metal,0.859299,5.05,448.22,Metal,0.430723,5.17,31.39,Metal,Metal,0.714011,Metal,0.72026,4,4,0.44,1363.59,0.733,55.8,24.3,602.21,49.17
2026-07-27T01:20:58.380,RT_20260727_012057_000213,,real_time_webcam,1.63,Metal,0.829821,5.14,114.28,Metal,0.748854,5.43,714.77,Paper,0.553873,5.34,444.99,Metal,0.455941,5.38,30.86,Metal,Metal,0.588387,Metal,0.58983,3,4,0.42,1328.2,0.753,52.1,24.3,602.21,50.15
2026-07-27T01:20:59.768,RT_20260727_012058_000214,,real_time_webcam,2.97,Metal,0.71987,5.37,142.35,Metal,0.969921,4.98,722.64,Metal,0.682547,5.28,447.1,Metal,0.463226,5.2,31.79,Metal,Metal,0.708891,Metal,0.714381,4,4,0.43,1366.73,0.732,56.9,24.3,602.21,49.17
2026-07-27T01:21:01.127,RT_20260727_012059_000215,,real_time_webcam,1.49,Metal,0.615386,5.23,113.58,Metal,0.951542,5.45,715.38,Metal,0.903295,5.45,458.16,Metal,0.440549,5.48,31.04,Metal,Metal,0.727693,Metal,0.734863,4,4,0.44,1341.81,0.745,52.9,24.3,602.21,50.15
2026-07-27T01:21:02.492,RT_20260727_012101_000216,,real_time_webcam,3.06,Paper,0.564005,5.26,149.07,Metal,0.961839,5.2,675.11,Metal,0.9781,5.21,465.13,Metal,0.469187,5.21,31.18,Metal,Metal,0.695963,Metal,0.703205,3,4,0.44,1343.44,0.744,55.8,24.3,602.21,49.66
2026-07-27T01:21:03.805,RT_20260727_012102_000217,,real_time_webcam,1.48,Metal,0.725364,5.14,115.33,Metal,0.960499,5.5,664.23,Metal,0.788097,5.19,461.75,Metal,0.441901,5.39,31.17,Metal,Metal,0.728965,Metal,0.735432,4,4,0.43,1295.71,0.772,51.4,24.3,602.21,50.15
2026-07-27T01:21:05.159,RT_20260727_012103_000218,,real_time_webcam,1.76,Metal,0.617197,6.06,149.36,Metal,0.982875,5.31,662.79,Metal,0.875944,5.22,466.61,Metal,0.430794,5.23,31.47,Metal,Metal,0.726703,Metal,0.73407,4,4,0.49,1334.2,0.75,55.2,24.3,602.21,49.66
2026-07-27T01:21:06.476,RT_20260727_012105_000219,,real_time_webcam,1.62,Paper,0.679436,5.14,115.59,Metal,0.751792,5.5,667.79,Metal,0.703182,5.13,462.23,Metal,0.442376,5.28,31.64,Metal,Metal,0.515401,Metal,0.519458,3,4,0.44,1300.41,0.769,52.8,24.3,602.21,50.15
2026-07-27T01:21:07.835,RT_20260727_012106_000220,,real_time_webcam,3.08,Paper,0.964521,5.35,147.37,Paper,0.987493,5.15,671.24,Paper,0.480073,5.06,465.09,CardBoard,0.719273,5.2,31.22,Paper,Paper,0.645703,Paper,0.654695,3,4,0.43,1337.68,0.748,56.1,24.2,602.21,50.15
2026-07-27T01:21:09.144,RT_20260727_012107_000221,,real_time_webcam,1.54,Paper,0.783283,5.39,115.31,Metal,0.589027,5.5,658.53,Paper,0.689158,5.33,461.96,Metal,0.710163,5.33,31.22,Paper,Paper,0.495016,Paper,0.501759,2,4,0.45,1290.64,0.775,51.0,24.2,602.21,50.15
2026-07-27T01:21:10.518,RT_20260727_012109_000222,,real_time_webcam,1.66,Paper,0.985929,6.12,165.96,Paper,0.699387,5.23,665.3,CardBoard,0.494511,4.97,466.87,CardBoard,0.515273,5.23,31.6,Paper,Paper,0.573778,Paper,0.580356,2,4,0.45,1353.32,0.739,54.4,24.3,602.21,50.15
2026-07-27T01:21:11.841,RT_20260727_012110_000223,,real_time_webcam,1.52,Paper,0.853101,5.19,116.45,Paper,0.925041,5.47,673.49,Paper,0.361783,5.22,460.43,CardBoard,0.391633,5.27,31.02,Paper,Paper,0.576163,Paper,0.583609,3,4,0.44,1304.53,0.767,51.7,24.3,602.21,49.66
2026-07-27T01:21:13.213,RT_20260727_012111_000224,,real_time_webcam,1.81,Paper,0.965313,6.24,150.83,Paper,0.99975,5.23,666.74,CardBoard,0.516795,5.24,479.67,Paper,0.632127,4.92,30.97,Paper,Paper,0.731289,Paper,0.732135,3,4,0.43,1351.91,0.74,55.0,24.3,602.21,50.15
2026-07-27T01:21:14.530,RT_20260727_012113_000225,,real_time_webcam,1.49,Paper,0.994586,5.16,117.45,Paper,0.966039,5.52,667.58,CardBoard,0.419148,5.15,459.92,Plastic,0.356205,5.47,31.02,Paper,Paper,0.650178,Paper,0.656697,2,4,0.43,1299.27,0.77,51.5,24.3,602.21,49.17
2026-07-27T01:21:15.882,RT_20260727_012114_000226,,real_time_webcam,2.9,Paper,0.969282,5.33,148.82,Paper,0.986743,5.1,663.74,Paper,0.519023,4.94,462.81,Paper,0.596198,4.94,31.41,Paper,Paper,0.767812,Paper,0.770414,4,4,0.44,1329.08,0.752,55.8,24.3,602.21,50.15
2026-07-27T01:21:17.196,RT_20260727_012115_000227,,real_time_webcam,1.62,Paper,0.979337,5.14,115.78,Paper,0.700583,5.5,664.73,Paper,0.789389,5.41,461.22,Paper,0.659007,5.36,31.02,Paper,Paper,0.782079,Paper,0.783422,4,4,0.43,1296.22,0.771,52.2,24.3,602.21,50.15
2026-07-27T01:21:18.545,RT_20260727_012117_000228,,real_time_webcam,1.91,Paper,0.940449,5.89,139.62,Paper,0.949201,5.48,669.87,CardBoard,0.492624,5.26,462.47,Paper,0.601481,5.17,32.32,Paper,Paper,0.678663,Paper,0.67885,3,4,0.43,1328.24,0.753,56.2,24.2,602.21,49.17
2026-07-27T01:21:19.858,RT_20260727_012118_000229,,real_time_webcam,1.52,Paper,0.993512,5.16,113.93,Paper,0.986202,5.35,668.01,Paper,0.586971,5.2,458.61,Paper,0.6892,5.15,31.2,Paper,Paper,0.813971,Paper,0.815658,4,4,0.43,1294.65,0.772,52.6,24.2,602.21,49.66
2026-07-27T01:21:21.214,RT_20260727_012119_000230,,real_time_webcam,1.7,Paper,0.992194,6.1,145.52,Paper,0.998094,5.34,668.6,CardBoard,0.811638,5.21,466.44,Paper,0.515906,5.22,31.2,Paper,Paper,0.661084,Paper,0.662355,3,4,0.42,1335.68,0.749,56.8,24.3,602.21,50.63
2026-07-27T01:21:22.528,RT_20260727_012121_000231,,real_time_webcam,1.52,Paper,0.917599,5.18,114.95,Paper,0.637549,5.38,664.63,Paper,0.66811,5.45,459.53,Paper,0.568767,5.46,31.11,Paper,Paper,0.698006,Paper,0.699354,4,4,0.43,1293.74,0.773,51.4,24.3,602.21,50.15
2026-07-27T01:21:23.886,RT_20260727_012122_000232,,real_time_webcam,3.0,Paper,0.710101,5.39,151.75,CardBoard,0.999517,5.21,665.06,CardBoard,0.676739,4.98,465.11,CardBoard,0.377559,4.95,31.44,CardBoard,CardBoard,0.577769,CardBoard,0.584544,3,4,0.44,1335.9,0.749,54.8,24.3,602.21,50.63
2026-07-27T01:21:25.200,RT_20260727_012123_000233,,real_time_webcam,1.48,Paper,0.959353,5.25,116.64,CardBoard,0.596956,5.3,663.75,CardBoard,0.4808,5.21,459.62,Plastic,0.3479,5.47,31.12,CardBoard,Paper,0.522455,Paper,0.524013,1,4,0.43,1294.35,0.773,50.7,24.3,602.21,50.63
2026-07-27T01:21:26.572,RT_20260727_012125_000234,,real_time_webcam,1.62,Paper,0.908334,5.84,154.25,CardBoard,0.617978,5.02,672.92,Paper,0.576053,5.22,468.37,Paper,0.463332,5.47,31.27,Paper,Paper,0.580382,Paper,0.580648,3,4,0.43,1351.25,0.74,56.2,24.3,602.21,51.61
2026-07-27T01:21:27.890,RT_20260727_012126_000235,,real_time_webcam,1.59,Paper,0.946793,5.15,119.07,CardBoard,0.698974,5.16,663.31,CardBoard,0.531739,5.45,462.71,Paper,0.370605,5.14,31.27,Paper,Paper,0.512382,Paper,0.512489,2,4,0.45,1299.27,0.77,51.6,24.3,602.21,50.15
2026-07-27T01:21:29.253,RT_20260727_012127_000236,,real_time_webcam,1.57,Paper,0.920305,5.95,150.56,Paper,0.591455,5.13,668.24,Paper,0.521604,5.25,469.11,Paper,0.386172,5.24,31.24,Paper,Paper,0.604884,Paper,0.607598,4,4,0.44,1342.77,0.745,56.6,24.3,602.21,50.63
2026-07-27T01:21:30.577,RT_20260727_012129_000237,,real_time_webcam,1.56,Paper,0.590194,5.16,119.22,Paper,0.995299,5.2,670.22,CardBoard,0.914556,5.19,462.04,Paper,0.355254,5.43,31.19,Paper,Paper,0.503548,Paper,0.506594,3,4,0.43,1305.64,0.766,52.1,24.3,602.21,50.15
2026-07-27T01:21:31.932,RT_20260727_012130_000238,,real_time_webcam,3.04,Paper,0.845255,5.38,152.36,Paper,0.982005,5.01,662.69,CardBoard,0.718779,4.97,464.43,Paper,0.338556,5.1,31.09,Paper,Paper,0.608335,Paper,0.612967,3,4,0.43,1333.04,0.75,55.3,24.3,602.21,51.12
2026-07-27T01:21:33.255,RT_20260727_012131_000239,,real_time_webcam,1.63,Paper,0.994124,5.24,119.48,Paper,0.973044,5.24,668.39,CardBoard,0.468206,5.51,461.87,Plastic,0.497045,5.2,31.11,Paper,Paper,0.673203,Paper,0.678322,2,4,0.48,1304.1,0.767,51.6,24.3,602.21,50.63
2026-07-27T01:21:34.636,RT_20260727_012133_000240,,real_time_webcam,1.79,Paper,0.990674,6.06,158.63,Paper,0.980719,4.97,677.93,CardBoard,0.512294,5.06,469.16,Paper,0.437489,5.32,31.4,Paper,Paper,0.701019,Paper,0.705101,3,4,0.44,1360.58,0.735,54.8,24.3,602.21,49.17
2026-07-27T01:21:35.961,RT_20260727_012134_000241,,real_time_webcam,1.48,Paper,0.994331,5.21,119.4,Paper,0.992503,5.33,672.61,CardBoard,0.732152,5.5,461.08,Paper,0.453908,5.18,31.22,Paper,Paper,0.660523,Paper,0.663114,3,4,0.43,1307.53,0.765,51.1,24.3,602.21,49.17
2026-07-27T01:21:37.328,RT_20260727_012135_000242,,real_time_webcam,1.62,Paper,0.997975,6.27,149.97,Paper,0.985673,5.05,672.78,CardBoard,0.52162,5.22,468.69,Paper,0.418349,5.25,31.44,Paper,Paper,0.707902,Paper,0.712547,3,4,0.44,1346.74,0.743,56.9,24.3,602.21,50.15
2026-07-27T01:21:38.651,RT_20260727_012137_000243,,real_time_webcam,1.63,Paper,0.990144,5.14,115.11,Paper,0.989394,5.44,675.34,CardBoard,0.57568,5.46,459.26,Paper,0.432079,5.49,31.32,Paper,Paper,0.695528,Paper,0.699586,3,4,0.43,1304.6,0.767,51.6,24.3,602.21,50.15
2026-07-27T01:21:40.019,RT_20260727_012138_000244,,real_time_webcam,2.97,Paper,0.972395,5.49,153.72,Paper,0.974964,5.26,671.74,CardBoard,0.540083,5.23,465.99,Paper,0.506967,5.25,30.84,Paper,Paper,0.689358,Paper,0.691715,3,4,0.5,1345.63,0.743,55.5,24.3,602.21,49.17
2026-07-27T01:21:41.334,RT_20260727_012140_000245,,real_time_webcam,1.64,Paper,0.945856,5.22,114.93,Paper,0.939047,5.53,668.13,CardBoard,0.57222,5.43,459.36,Paper,0.404281,5.41,31.37,Paper,Paper,0.634207,Paper,0.637431,3,4,0.44,1297.38,0.771,52.2,24.3,602.21,50.15
2026-07-27T01:21:42.710,RT_20260727_012141_000246,,real_time_webcam,2.98,Paper,0.991846,5.51,147.04,Paper,0.774268,5.32,671.73,Paper,0.63451,5.22,478.99,Paper,0.427192,5.23,31.29,Paper,Paper,0.706954,Paper,0.71126,4,4,0.43,1352.42,0.739,55.5,24.3,602.21,49.66
2026-07-27T01:21:44.037,RT_20260727_012142_000247,,real_time_webcam,1.58,Paper,0.99095,5.14,122.02,Paper,0.744338,5.18,671.45,Paper,0.616207,5.44,462.3,Paper,0.451406,5.2,31.35,Paper,Paper,0.700725,Paper,0.704314,4,4,0.43,1310.08,0.763,50.8,24.3,602.21,51.12
2026-07-27T01:21:45.410,RT_20260727_012144_000248,,real_time_webcam,1.78,Paper,0.978195,5.93,152.44,Metal,0.805544,5.25,670.03,CardBoard,0.542833,5.19,474.84,Paper,0.403514,5.23,31.14,Paper,Paper,0.489253,Paper,0.487722,2,4,0.43,1352.06,0.74,55.7,24.3,602.21,50.15
2026-07-27T01:21:46.735,RT_20260727_012145_000249,,real_time_webcam,1.59,Paper,0.986466,5.12,123.81,Metal,0.510903,5.5,667.77,CardBoard,0.616292,5.4,461.43,Paper,0.562272,5.42,31.06,Paper,Paper,0.594181,Paper,0.592245,2,4,0.44,1307.56,0.765,51.4,24.3,602.21,49.17
2026-07-27T01:21:48.099,RT_20260727_012146_000250,,real_time_webcam,1.78,Paper,0.980684,5.83,154.63,Paper,0.81547,5.39,666.89,Paper,0.541508,5.28,465.81,Paper,0.452031,5.26,31.23,Paper,Paper,0.697423,Paper,0.701028,4,4,0.43,1342.37,0.745,55.6,24.3,602.21,49.66
2026-07-27T01:21:49.420,RT_20260727_012148_000251,,real_time_webcam,1.51,Paper,0.977987,5.19,115.1,Paper,0.929372,5.51,672.69,CardBoard,0.794122,5.45,460.2,Paper,0.388991,5.48,30.94,Paper,Paper,0.609331,Paper,0.611986,3,4,0.44,1302.55,0.768,50.8,24.3,602.21,49.66
2026-07-27T01:21:50.782,RT_20260727_012149_000252,,real_time_webcam,2.3,Paper,0.993802,6.03,144.21,Paper,0.812601,5.05,678.76,Paper,0.508259,5.26,463.37,Paper,0.439078,4.99,31.6,Paper,Paper,0.688435,Paper,0.691987,4,4,0.43,1341.32,0.746,56.0,24.3,602.21,49.17
2026-07-27T01:21:52.104,RT_20260727_012150_000253,,real_time_webcam,1.49,Paper,0.988152,5.24,114.38,Paper,0.807927,5.48,672.95,CardBoard,0.667657,5.47,461.63,Paper,0.416221,5.42,31.24,Paper,Paper,0.605722,Paper,0.607525,3,4,0.43,1303.85,0.767,51.9,24.3,602.21,49.66
2026-07-27T01:21:53.473,RT_20260727_012152_000254,,real_time_webcam,1.87,Paper,0.98238,5.89,151.76,Paper,0.739035,5.22,678.27,CardBoard,0.498748,5.27,463.46,Paper,0.454915,4.98,31.17,Paper,Paper,0.661349,Paper,0.663827,3,4,0.43,1348.07,0.742,56.1,24.2,602.21,49.66
2026-07-27T01:21:54.798,RT_20260727_012153_000255,,real_time_webcam,1.68,Paper,0.99507,5.12,115.6,Paper,0.823211,5.42,674.38,CardBoard,0.476773,5.41,462.11,Paper,0.343963,5.13,31.23,Paper,Paper,0.641739,Paper,0.64608,3,4,0.44,1306.38,0.765,52.0,24.2,602.21,50.63
2026-07-27T01:21:56.159,RT_20260727_012154_000256,,real_time_webcam,1.68,Paper,0.558972,6.19,154.12,Paper,0.636349,5.2,667.86,Paper,0.4735,5.17,463.84,Plastic,0.641911,5.21,31.15,Paper,Paper,0.428732,Paper,0.436397,3,4,0.44,1340.82,0.746,55.6,24.2,602.21,49.17
2026-07-27T01:21:57.485,RT_20260727_012156_000257,,real_time_webcam,1.56,Paper,0.953338,5.08,117.79,CardBoard,0.995046,5.59,674.43,CardBoard,0.749214,5.39,461.42,Paper,0.323434,5.37,30.93,CardBoard,CardBoard,0.488253,CardBoard,0.498234,2,4,0.44,1307.98,0.765,51.3,24.2,602.21,50.63
2026-07-27T01:21:58.859,RT_20260727_012157_000258,,real_time_webcam,3.01,Paper,0.949728,5.32,156.0,CardBoard,0.881293,5.33,679.03,CardBoard,0.913552,5.37,462.11,Plastic,0.431604,5.0,31.0,CardBoard,CardBoard,0.492412,CardBoard,0.503554,2,4,0.45,1351.27,0.74,55.2,24.3,602.21,50.63
2026-07-27T01:22:00.185,RT_20260727_012158_000259,,real_time_webcam,1.6,Paper,0.989367,5.18,118.36,Metal,0.764662,5.2,672.72,CardBoard,0.433834,5.09,461.91,Paper,0.3951,5.39,31.13,Paper,Paper,0.496334,Paper,0.495138,2,4,0.44,1306.96,0.765,51.4,24.3,602.21,49.17
2026-07-27T01:22:01.575,RT_20260727_012200_000260,,real_time_webcam,1.57,Paper,0.993837,5.86,153.33,Paper,0.66893,5.2,698.21,CardBoard,0.610964,5.32,463.74,Paper,0.519964,5.24,31.06,Paper,Paper,0.599465,Paper,0.598688,3,4,0.44,1369.98,0.73,57.2,24.2,602.21,51.12
2026-07-27T01:22:02.890,RT_20260727_012201_000261,,real_time_webcam,1.5,Paper,0.993426,5.21,119.44,Paper,0.88712,5.41,661.57,CardBoard,0.804255,5.45,460.62,Paper,0.431121,5.37,31.29,Paper,Paper,0.613714,Paper,0.615438,3,4,0.44,1296.4,0.771,51.0,24.2,602.21,50.63
2026-07-27T01:22:04.241,RT_20260727_012202_000262,,real_time_webcam,3.1,Paper,0.998024,5.25,145.32,Paper,0.722476,5.2,667.62,CardBoard,0.408353,5.2,462.53,Paper,0.425285,4.92,31.16,Paper,Paper,0.593091,Paper,0.594219,3,4,0.43,1329.26,0.752,55.3,24.2,602.21,50.15
2026-07-27T01:22:05.564,RT_20260727_012204_000263,,real_time_webcam,1.66,Paper,0.996814,5.07,114.7,Paper,0.944254,5.39,671.82,Paper,0.736052,5.45,463.27,Paper,0.578519,5.35,31.33,Paper,Paper,0.81391,Paper,0.817958,4,4,0.42,1304.37,0.767,51.4,24.2,602.21,50.15
2026-07-27T01:22:06.934,RT_20260727_012205_000264,,real_time_webcam,3.13,Paper,0.994178,5.36,149.64,Paper,0.877778,5.2,681.98,CardBoard,0.926025,5.2,463.18,Plastic,0.707507,4.94,31.08,Paper,Paper,0.54365,Paper,0.547317,2,4,0.43,1348.54,0.742,56.2,24.3,602.21,50.63
2026-07-27T01:22:08.260,RT_20260727_012206_000265,,real_time_webcam,1.5,Paper,0.974871,5.12,119.78,Paper,0.96173,5.41,673.47,Paper,0.543208,5.35,460.04,Paper,0.49855,5.36,31.51,Paper,Paper,0.74459,Paper,0.748628,4,4,0.44,1308.09,0.764,51.5,24.3,602.21,50.15
2026-07-27T01:22:09.630,RT_20260727_012208_000266,,real_time_webcam,1.96,Paper,0.986005,6.09,159.9,CardBoard,0.852656,5.18,669.17,Plastic,0.433129,5.14,464.41,Plastic,0.564622,5.11,31.2,Plastic,Paper,0.393325,Paper,0.39047,1,4,0.43,1348.24,0.742,54.7,24.3,602.21,49.17
2026-07-27T01:22:10.948,RT_20260727_012209_000267,,real_time_webcam,1.8,Paper,0.979928,5.05,120.39,Paper,0.512663,5.37,664.45,Paper,0.55505,5.54,460.57,Plastic,0.602981,5.05,31.18,Paper,Paper,0.572801,Paper,0.577296,3,4,0.42,1299.62,0.769,51.5,24.3,602.21,50.15
2026-07-27T01:22:12.309,RT_20260727_012210_000268,,real_time_webcam,1.96,Paper,0.992588,5.92,155.13,Paper,0.593358,4.95,665.74,CardBoard,0.460406,5.11,464.99,Paper,0.490778,5.12,31.54,Paper,Paper,0.581273,Paper,0.580583,3,4,0.44,1340.53,0.746,55.5,24.3,602.21,49.66
2026-07-27T01:22:13.626,RT_20260727_012212_000269,,real_time_webcam,1.8,Paper,0.991356,5.09,116.12,Paper,0.945099,5.12,667.99,Paper,0.538346,5.36,459.96,Paper,0.458223,5.36,31.23,Paper,Paper,0.733256,Paper,0.737743,4,4,0.43,1298.27,0.77,51.8,24.3,602.21,50.15
2026-07-27T01:22:14.986,RT_20260727_012213_000270,,real_time_webcam,3.07,Paper,0.922943,5.23,150.81,Paper,0.795792,5.19,668.63,Paper,0.596267,5.2,464.85,Plastic,0.444775,4.86,31.37,Paper,Paper,0.633318,Paper,0.640619,3,4,0.43,1338.14,0.747,55.8,24.3,602.21,50.63
2026-07-27T01:22:16.300,RT_20260727_012215_000271,,real_time_webcam,1.77,Plastic,0.491093,5.1,116.23,Paper,0.994932,5.4,665.32,Plastic,0.817242,5.08,460.33,Plastic,0.748358,5.34,30.76,Plastic,Plastic,0.514889,Plastic,0.509559,3,4,0.43,1295.59,0.772,51.3,24.3,602.21,49.66
2026-07-27T01:22:17.663,RT_20260727_012216_000272,,real_time_webcam,3.0,Paper,0.93306,5.36,153.91,Paper,0.523833,4.93,671.01,Paper,0.539226,5.23,462.75,Paper,0.46689,5.15,31.27,Paper,Paper,0.615752,Paper,0.616869,4,4,0.43,1341.67,0.745,56.4,24.3,602.21,49.66
2026-07-27T01:22:18.992,RT_20260727_012217_000273,,real_time_webcam,1.54,Paper,0.963454,5.06,117.53,Paper,0.842148,5.53,675.61,Paper,0.441178,5.41,464.13,CardBoard,0.300694,5.27,30.93,Paper,Paper,0.633678,Paper,0.63924,3,4,0.43,1311.47,0.763,51.5,24.3,602.21,50.63
2026-07-27T01:22:20.353,RT_20260727_012219_000274,,real_time_webcam,1.62,Paper,0.965867,5.73,154.62,Paper,0.957517,4.9,668.21,Paper,0.562381,5.14,463.51,CardBoard,0.303138,4.92,31.31,Paper,Paper,0.681069,Paper,0.689089,3,4,0.44,1340.39,0.746,55.6,24.3,602.21,50.63
2026-07-27T01:22:21.668,RT_20260727_012220_000275,,real_time_webcam,1.53,Paper,0.898013,5.09,116.62,Paper,0.806397,5.4,664.54,Paper,0.299574,5.35,461.12,CardBoard,0.306352,5.28,30.92,Paper,Paper,0.537685,Paper,0.54408,3,4,0.43,1296.32,0.771,52.0,24.3,602.21,50.15
2026-07-27T01:22:23.027,RT_20260727_012221_000276,,real_time_webcam,2.96,Paper,0.795027,5.33,147.65,CardBoard,0.867009,5.18,671.88,Paper,0.802591,4.85,463.62,CardBoard,0.29113,4.96,31.01,Paper,Paper,0.456639,Paper,0.461793,2,4,0.5,1336.55,0.748,56.8,24.3,602.21,50.15
2026-07-27T01:22:24.355,RT_20260727_012223_000277,,real_time_webcam,1.46,Paper,0.691055,5.09,117.41,Food Waste,0.498162,5.09,676.4,CardBoard,0.626329,5.43,462.17,Metal,0.425997,5.41,31.24,CardBoard,CardBoard,0.30867,CardBoard,0.315054,1,4,0.46,1310.31,0.763,52.6,24.3,602.21,49.17
2026-07-27T01:22:25.729,RT_20260727_012224_000278,,real_time_webcam,2.95,Paper,0.955998,5.31,150.21,Paper,0.668456,5.23,678.92,Paper,0.567174,5.19,467.67,Paper,0.484164,5.15,31.37,Paper,Paper,0.668948,Paper,0.671115,4,4,0.43,1351.04,0.74,55.9,24.4,602.21,50.63
2026-07-27T01:22:27.051,RT_20260727_012225_000279,,real_time_webcam,1.66,Plastic,0.541819,5.01,119.41,CardBoard,0.772746,5.38,668.43,Paper,0.951147,5.4,462.69,CardBoard,0.447134,5.11,31.06,CardBoard,Paper,0.337353,Paper,0.343744,1,4,0.43,1304.48,0.767,52.3,24.4,602.21,50.15
2026-07-27T01:22:28.426,RT_20260727_012227_000280,,real_time_webcam,2.07,CardBoard,0.827226,5.43,161.1,CardBoard,0.983346,4.92,672.09,CardBoard,0.895351,5.23,465.61,CardBoard,0.941246,5.15,31.11,CardBoard,CardBoard,0.911792,CardBoard,0.911753,4,4,0.44,1352.62,0.739,55.2,24.3,602.21,50.15
2026-07-27T01:22:29.736,RT_20260727_012228_000281,,real_time_webcam,1.59,CardBoard,0.904678,5.08,115.82,CardBoard,0.881347,5.39,661.14,CardBoard,0.810202,5.38,458.87,CardBoard,0.922197,5.4,31.58,CardBoard,CardBoard,0.879606,CardBoard,0.878514,4,4,0.43,1290.66,0.775,51.4,24.3,602.21,50.15
2026-07-27T01:22:31.113,RT_20260727_012229_000282,,real_time_webcam,1.95,CardBoard,0.911394,5.72,158.05,CardBoard,0.906696,5.16,676.39,CardBoard,0.844833,5.17,465.57,CardBoard,0.931311,4.91,31.21,CardBoard,CardBoard,0.898558,CardBoard,0.897766,4,4,0.43,1354.17,0.738,55.9,24.4,602.21,49.66
2026-07-27T01:22:32.436,RT_20260727_012231_000283,,real_time_webcam,1.54,CardBoard,0.870183,5.11,115.51,CardBoard,0.980542,5.42,669.05,CardBoard,0.611133,5.08,465.22,CardBoard,0.87826,5.29,31.32,CardBoard,CardBoard,0.83503,CardBoard,0.833967,4,4,0.43,1303.99,0.767,53.2,24.4,602.21,49.66
2026-07-27T01:22:33.805,RT_20260727_012232_000284,,real_time_webcam,2.93,CardBoard,0.935277,5.23,150.57,CardBoard,0.997322,5.16,674.96,Paper,0.840828,5.26,465.97,CardBoard,0.925788,5.14,31.09,CardBoard,CardBoard,0.753726,CardBoard,0.748972,3,4,0.43,1345.44,0.743,57.6,24.4,602.21,49.66
2026-07-27T01:22:35.124,RT_20260727_012233_000285,,real_time_webcam,1.64,Paper,0.483805,5.06,113.87,CardBoard,0.998261,5.39,664.7,Paper,0.761288,5.39,466.72,CardBoard,0.670767,5.15,31.43,CardBoard,CardBoard,0.551776,CardBoard,0.550671,2,4,0.44,1299.69,0.769,53.1,24.4,602.21,50.15
2026-07-27T01:22:36.491,RT_20260727_012235_000286,,real_time_webcam,1.72,CardBoard,0.81728,5.78,145.55,CardBoard,0.992875,5.15,675.5,Paper,0.968424,5.19,469.29,CardBoard,0.820937,5.15,31.54,CardBoard,CardBoard,0.66478,CardBoard,0.660626,3,4,0.49,1345.72,0.743,57.8,24.4,602.21,50.15
2026-07-27T01:22:37.820,RT_20260727_012236_000287,,real_time_webcam,1.6,CardBoard,0.604065,5.15,114.89,CardBoard,0.993585,5.44,675.46,Paper,0.926877,5.31,465.33,CardBoard,0.84981,5.32,31.19,CardBoard,CardBoard,0.629211,CardBoard,0.624833,3,4,0.43,1310.13,0.763,53.4,24.4,602.21,49.66
2026-07-27T01:22:39.179,RT_20260727_012237_000288,,real_time_webcam,1.72,CardBoard,0.550024,5.78,148.36,CardBoard,0.998784,5.33,665.88,Paper,0.960931,5.1,468.5,CardBoard,0.764169,5.24,31.08,CardBoard,CardBoard,0.586312,CardBoard,0.582976,3,4,0.45,1337.39,0.748,57.1,24.4,602.21,50.15
2026-07-27T01:22:40.498,RT_20260727_012239_000289,,real_time_webcam,1.53,CardBoard,0.54306,5.15,115.16,CardBoard,0.998385,5.38,666.08,Paper,0.979232,5.32,462.8,CardBoard,0.874969,5.35,32.13,CardBoard,CardBoard,0.608702,CardBoard,0.60361,3,4,0.42,1299.48,0.77,52.7,24.4,602.21,49.66
2026-07-27T01:22:41.853,RT_20260727_012240_000290,,real_time_webcam,3.18,CardBoard,0.594539,5.27,145.13,CardBoard,0.99003,5.28,663.69,Paper,0.962879,4.89,468.95,CardBoard,0.732173,5.17,31.36,CardBoard,CardBoard,0.587287,CardBoard,0.58438,3,4,0.44,1331.84,0.751,57.0,24.4,602.21,49.66
2026-07-27T01:22:43.173,RT_20260727_012241_000291,,real_time_webcam,1.52,CardBoard,0.807798,5.13,113.94,CardBoard,0.994984,5.37,665.91,Paper,0.920536,5.29,464.52,CardBoard,0.825164,5.41,32.97,CardBoard,CardBoard,0.676075,CardBoard,0.672203,3,4,0.43,1300.6,0.769,53.4,24.4,602.21,50.15
2026-07-27T01:22:44.532,RT_20260727_012243_000292,,real_time_webcam,1.89,CardBoard,0.752619,5.86,144.47,CardBoard,0.997998,5.29,667.03,Paper,0.951151,5.19,470.7,CardBoard,0.922682,5.19,31.93,CardBoard,CardBoard,0.679536,CardBoard,0.673992,3,4,0.43,1337.69,0.748,56.9,24.4,602.21,51.12
2026-07-27T01:22:45.858,RT_20260727_012244_000293,,real_time_webcam,2.27,CardBoard,0.883832,5.06,115.75,CardBoard,0.948144,5.42,670.32,CardBoard,0.862745,5.42,464.62,CardBoard,0.953392,5.3,32.12,CardBoard,CardBoard,0.912028,CardBoard,0.911336,4,4,0.43,1306.01,0.766,54.1,24.4,602.21,50.15
2026-07-27T01:22:47.204,RT_20260727_012245_000294,,real_time_webcam,1.94,CardBoard,0.917844,5.91,136.95,CardBoard,0.987876,6.56,669.0,CardBoard,0.839982,5.14,460.76,CardBoard,0.946013,5.05,30.9,CardBoard,CardBoard,0.922929,CardBoard,0.922507,4,4,0.44,1323.26,0.756,56.7,24.4,602.21,49.17
2026-07-27T01:22:48.519,RT_20260727_012247_000295,,real_time_webcam,1.53,CardBoard,0.906073,5.04,115.62,CardBoard,0.994545,5.42,663.8,CardBoard,0.869535,5.38,461.6,CardBoard,0.943574,5.35,31.2,CardBoard,CardBoard,0.928432,CardBoard,0.928297,4,4,0.43,1295.39,0.772,53.4,24.4,602.21,49.17
2026-07-27T01:22:49.905,RT_20260727_012248_000296,,real_time_webcam,2.82,CardBoard,0.925341,5.33,144.04,CardBoard,0.995726,5.18,700.81,CardBoard,0.877314,5.33,464.46,CardBoard,0.941497,5.16,31.29,CardBoard,CardBoard,0.934969,CardBoard,0.934935,4,4,0.43,1363.65,0.733,55.5,24.4,602.21,49.66
2026-07-27T01:22:51.232,RT_20260727_012249_000297,,real_time_webcam,1.57,CardBoard,0.946634,5.1,115.11,CardBoard,0.995812,5.42,676.32,CardBoard,0.833649,5.27,461.81,CardBoard,0.95904,5.36,31.38,CardBoard,CardBoard,0.933784,CardBoard,0.933196,4,4,0.44,1307.8,0.765,53.0,24.4,602.21,49.66
2026-07-27T01:22:52.606,RT_20260727_012251_000298,,real_time_webcam,1.88,CardBoard,0.937808,5.97,143.54,CardBoard,0.999492,5.92,674.16,CardBoard,0.841182,5.33,477.88,CardBoard,0.942744,5.14,31.2,CardBoard,CardBoard,0.930307,CardBoard,0.930039,4,4,0.43,1351.26,0.74,56.1,24.4,602.21,49.66
2026-07-27T01:22:53.940,RT_20260727_012252_000299,,real_time_webcam,1.61,CardBoard,0.896684,5.09,115.04,CardBoard,0.990571,5.37,678.69,CardBoard,0.833789,5.39,466.84,CardBoard,0.941055,5.4,31.46,CardBoard,CardBoard,0.915525,CardBoard,0.915147,4,4,0.44,1315.29,0.76,54.0,24.4,602.21,50.63
2026-07-27T01:22:55.321,RT_20260727_012253_000300,,real_time_webcam,1.89,CardBoard,0.747569,6.0,152.97,CardBoard,0.981513,5.46,681.73,CardBoard,0.76078,5.15,468.7,CardBoard,0.879478,4.89,31.37,CardBoard,CardBoard,0.842335,CardBoard,0.842246,4,4,0.43,1358.38,0.736,57.2,24.3,602.21,49.17
2026-07-27T01:22:56.641,RT_20260727_012255_000301,,real_time_webcam,1.58,CardBoard,0.815929,5.11,119.22,CardBoard,0.9549,5.1,663.69,CardBoard,0.764679,5.39,463.78,CardBoard,0.89507,5.31,31.58,CardBoard,CardBoard,0.857644,CardBoard,0.857172,4,4,0.43,1301.18,0.769,51.6,24.3,602.21,49.17
2026-07-27T01:22:58.048,RT_20260727_012256_000302,,real_time_webcam,3.04,CardBoard,0.860459,5.3,157.06,CardBoard,0.97868,5.18,707.26,CardBoard,0.90225,4.91,464.57,CardBoard,0.876582,5.21,31.6,CardBoard,CardBoard,0.904493,CardBoard,0.905445,4,4,0.42,1383.07,0.723,55.0,24.3,602.21,50.15
2026-07-27T01:22:59.406,RT_20260727_012258_000303,,real_time_webcam,1.7,CardBoard,0.743155,5.09,115.02,CardBoard,0.989851,5.16,722.57,CardBoard,0.858566,5.15,446.64,CardBoard,0.909846,5.35,31.1,CardBoard,CardBoard,0.875354,CardBoard,0.875548,4,4,0.5,1338.19,0.747,53.0,24.3,602.21,50.63
2026-07-27T01:23:00.822,RT_20260727_012259_000304,,real_time_webcam,3.32,CardBoard,0.739904,5.24,142.08,CardBoard,0.991525,5.2,728.64,CardBoard,0.722574,4.89,468.75,CardBoard,0.891024,5.17,31.37,CardBoard,CardBoard,0.836257,CardBoard,0.835805,4,4,0.44,1393.4,0.718,58.6,24.3,602.21,50.15
2026-07-27T01:23:02.183,RT_20260727_012300_000305,,real_time_webcam,1.48,CardBoard,0.805005,5.14,116.11,CardBoard,0.997348,5.34,720.36,CardBoard,0.89165,5.33,450.97,CardBoard,0.9087,5.1,31.09,CardBoard,CardBoard,0.900676,CardBoard,0.901196,4,4,0.44,1341.48,0.745,53.5,24.3,602.21,50.63
2026-07-27T01:23:03.580,RT_20260727_012302_000306,,real_time_webcam,3.25,CardBoard,0.884109,5.06,144.71,CardBoard,0.985384,5.7,725.62,CardBoard,0.783034,4.89,448.35,CardBoard,0.893864,5.18,31.58,CardBoard,CardBoard,0.886598,CardBoard,0.88653,4,4,0.43,1373.2,0.728,56.6,24.4,602.21,50.63
